guest_id,age,family_size,first_visit,visit_frequency,visit_motivation,venue,education_program,spending,satisfaction,learning_score,likelihood_return,likelihood_recommend
10001,56,3,no,First visit,Entertainment,Garden,No,14.617588071222006,4.0,1.0,4.0,5.0
10002,69,5,no,Quarterly,Entertainment,Curiosity Museum,Yes,11.74261789294715,4.0,3.0,4.0,5.0
10003,46,4,yes,Quarterly,Exhibits,Farm,No,15.875554362268435,4.0,3.0,4.0,4.0
10004,32,5,no,Quarterly,Education,Farm,Yes,5.94211603144568,3.0,2.0,2.0,3.0
10005,60,5,no,First visit,Family Time,Garden,No,9.851911097354435,3.0,2.0,3.0,3.0
10006,25,1,no,Quarterly,Special Event,Events,Yes,0.0,4.0,2.0,4.0,4.0
10007,38,4,no,Rarely,Special Event,Garden,No,29.605893462785517,3.0,3.0,3.0,3.0
10008,56,6,no,Quarterly,Nature,Events,No,19.48196670482643,3.0,4.0,3.0,2.0
10009,36,3,no,First visit,Entertainment,Curiosity Museum,Yes,3.3981623394985476,3.0,5.0,3.0,3.0
10010,40,4,no,Monthly,Entertainment,Events,No,43.481024720328584,3.0,4.0,4.0,2.0
10011,28,4,no,First visit,Entertainment,Garden,No,16.3052472058858,2.0,2.0,3.0,2.0
10012,28,4,no,Quarterly,Special Event,Curiosity Museum,Yes,0.0,5.0,2.0,5.0,5.0
10013,41,4,no,Monthly,Nature,Dinosaurs,No,27.851061322056875,3.0,2.0,4.0,3.0
10014,70,4,yes,Quarterly,Education,Farm,Yes,20.970723247638936,5.0,3.0,5.0,4.0
10015,53,3,no,Rarely,Exhibits,Garden,No,20.91869978226329,4.0,2.0,4.0,4.0
10016,57,5,no,Rarely,Family Time,Garden,No,8.613665930226142,3.0,3.0,2.0,3.0
10017,41,1,no,Weekly,Education,Garden,Yes,21.757435856670522,3.0,3.0,3.0,2.0
10018,20,2,no,First visit,Special Event,Curiosity Museum,No,11.073625646683581,5.0,3.0,5.0,5.0
10019,39,1,no,Rarely,Exhibits,Dinosaurs,No,23.339121774687634,5.0,3.0,5.0,4.0
10020,70,2,no,Quarterly,Exhibits,Events,No,0.0,3.0,3.0,2.0,4.0
10021,19,4,no,Quarterly,Exhibits,Dinosaurs,No,8.491898055312163,4.0,4.0,4.0,4.0
10022,41,5,yes,First visit,Entertainment,Curiosity Museum,No,40.83232646712292,3.0,2.0,3.0,3.0
10023,61,5,no,Quarterly,Family Time,Garden,No,3.493988168995497,4.0,4.0,4.0,3.0
10024,47,2,no,Quarterly,Special Event,Farm,Yes,5.942425537602204,3.0,4.0,2.0,3.0
10025,55,6,no,First visit,Special Event,Garden,No,8.280579923250373,2.0,3.0,1.0,2.0
10026,19,5,yes,Monthly,Exhibits,Events,No,0.0,3.0,4.0,3.0,3.0
10027,38,4,yes,First visit,Special Event,Farm,No,0.0,4.0,4.0,4.0,4.0
10028,50,6,no,Rarely,Family Time,Garden,No,11.541204022145807,3.0,2.0,4.0,3.0
10029,29,8,yes,First visit,Family Time,Farm,No,17.037891361224855,3.0,3.0,3.0,4.0
10030,39,3,yes,First visit,Nature,Dinosaurs,No,14.212423971920217,3.0,3.0,3.0,3.0
10031,61,4,yes,Monthly,Nature,Curiosity Museum,No,12.826821570781698,3.0,3.0,4.0,4.0
10032,42,6,yes,Rarely,Education,Garden,Yes,15.645613062755814,4.0,4.0,4.0,4.0
10033,66,5,yes,Rarely,Family Time,Events,No,30.342622073261463,4.0,3.0,4.0,4.0
10034,44,1,no,First visit,Family Time,Dinosaurs,No,12.143307211061748,3.0,5.0,3.0,3.0
10035,59,5,no,Quarterly,Family Time,Garden,Yes,6.388761343690955,4.0,3.0,4.0,3.0
10036,45,6,no,Quarterly,Nature,Dinosaurs,No,10.783117726678705,4.0,3.0,4.0,3.0
10037,33,5,no,Rarely,Exhibits,Events,No,23.690201396351636,5.0,2.0,5.0,5.0
10038,32,5,no,First visit,Exhibits,Garden,Yes,36.180403178148744,3.0,4.0,3.0,2.0
10039,64,6,yes,Monthly,Special Event,Events,Yes,5.577843912462325,3.0,3.0,3.0,2.0
10040,68,3,yes,Rarely,Exhibits,Farm,Yes,16.484006805433257,3.0,4.0,3.0,4.0
10041,61,3,no,Rarely,Entertainment,Events,No,20.075361629039396,3.0,3.0,3.0,2.0
10042,72,5,yes,First visit,Nature,Farm,Yes,0.11132989906765645,4.0,3.0,4.0,4.0
10043,69,6,no,Quarterly,Family Time,Garden,Yes,15.306257508193772,5.0,3.0,5.0,5.0
10044,74,3,no,Rarely,Exhibits,Farm,No,0.0,4.0,3.0,4.0,3.0
10045,20,4,no,Rarely,Nature,Garden,Yes,0.0,2.0,5.0,2.0,2.0
10046,54,5,yes,First visit,Exhibits,Garden,Yes,20.501196118383856,5.0,4.0,5.0,5.0
10047,68,4,yes,Weekly,Education,Curiosity Museum,Yes,9.241878880038257,2.0,4.0,2.0,2.0
10048,24,5,no,First visit,Family Time,Garden,No,18.034206114318287,4.0,5.0,4.0,4.0
10049,38,6,yes,Quarterly,Education,Farm,No,14.731575344874749,3.0,3.0,3.0,3.0
10050,26,5,no,Rarely,Family Time,Curiosity Museum,Yes,0.35399927004303944,4.0,3.0,4.0,4.0
10051,56,4,no,First visit,Nature,Curiosity Museum,No,14.321185470534953,3.0,4.0,3.0,3.0
10052,35,4,no,Quarterly,Special Event,Garden,No,0.0,4.0,3.0,4.0,3.0
10053,21,4,yes,First visit,Exhibits,Events,Yes,35.86458537002101,3.0,3.0,2.0,2.0
10054,42,4,no,Monthly,Exhibits,Events,Yes,0.0,3.0,3.0,3.0,2.0
10055,31,4,no,Monthly,Entertainment,Curiosity Museum,Yes,12.063220935471282,3.0,5.0,2.0,4.0
10056,67,4,no,Monthly,Education,Garden,No,0.0,2.0,3.0,3.0,1.0
10057,26,1,yes,First visit,Exhibits,Events,No,23.556317600411933,4.0,3.0,4.0,4.0
10058,43,3,no,Quarterly,Nature,Garden,Yes,10.028529430777457,5.0,3.0,5.0,5.0
10059,70,4,yes,Rarely,Special Event,Garden,No,7.219999205681848,5.0,4.0,5.0,5.0
10060,19,4,no,Monthly,Nature,Curiosity Museum,Yes,27.798023175773316,4.0,3.0,4.0,5.0
10061,37,3,yes,Quarterly,Education,Curiosity Museum,No,15.441458875163283,4.0,3.0,5.0,4.0
10062,45,5,no,Quarterly,Entertainment,Dinosaurs,No,22.749666689039508,4.0,4.0,5.0,4.0
10063,64,5,no,Rarely,Exhibits,Events,Yes,0.28011095223802795,4.0,4.0,4.0,4.0
10064,24,3,no,Rarely,Nature,Events,No,0.0,3.0,3.0,3.0,3.0
10065,61,6,yes,First visit,Family Time,Events,Yes,16.608119430602006,4.0,2.0,5.0,5.0
10066,25,4,yes,Quarterly,Special Event,Farm,No,10.217304667579032,4.0,5.0,3.0,3.0
10067,64,5,no,Rarely,Nature,Garden,Yes,24.396520086809165,3.0,5.0,3.0,4.0
10068,52,4,no,Rarely,Special Event,Curiosity Museum,No,13.801373210061755,3.0,4.0,4.0,3.0
10069,31,8,yes,Quarterly,Exhibits,Events,Yes,18.07613008851945,4.0,3.0,4.0,4.0
10070,34,5,no,Quarterly,Family Time,Dinosaurs,No,0.0,4.0,3.0,4.0,5.0
10071,53,5,no,First visit,Entertainment,Events,Yes,43.32655409421385,3.0,3.0,2.0,2.0
10072,67,5,no,Quarterly,Entertainment,Garden,No,12.536370224519521,3.0,4.0,3.0,3.0
10073,57,2,no,Rarely,Family Time,Garden,Yes,25.463804555087986,5.0,4.0,5.0,4.0
10074,21,3,no,Rarely,Special Event,Curiosity Museum,No,2.4586249467056027,4.0,3.0,4.0,4.0
10075,19,5,yes,First visit,Exhibits,Farm,Yes,19.620148533260114,5.0,3.0,5.0,4.0
10076,23,4,no,First visit,Nature,Curiosity Museum,Yes,0.0,4.0,5.0,3.0,4.0
10077,71,5,no,First visit,Family Time,Events,No,21.781017573895063,4.0,4.0,3.0,4.0
10078,59,2,yes,Quarterly,Education,Dinosaurs,Yes,9.660388734212509,4.0,5.0,5.0,4.0
10079,21,4,no,First visit,Special Event,Curiosity Museum,Yes,15.437857559033512,5.0,4.0,5.0,5.0
10080,71,4,no,Rarely,Entertainment,Farm,No,25.469610451951464,2.0,3.0,2.0,2.0
10081,46,4,no,Monthly,Family Time,Curiosity Museum,No,0.0,3.0,1.0,3.0,2.0
10082,35,5,no,First visit,Entertainment,Garden,Yes,4.732624040808045,5.0,4.0,4.0,5.0
10083,43,4,no,Rarely,Special Event,Events,No,21.85986421630148,3.0,3.0,2.0,3.0
10084,61,4,no,Quarterly,Entertainment,Events,No,46.4733221182012,3.0,3.0,2.0,2.0
10085,51,4,yes,Monthly,Family Time,Events,Yes,12.928764980077773,3.0,4.0,3.0,3.0
10086,27,4,no,Quarterly,Special Event,Events,No,23.86704176885899,3.0,2.0,3.0,2.0
10087,53,5,yes,Quarterly,Education,Events,No,13.3954279521228,3.0,4.0,3.0,3.0
10088,31,1,no,Quarterly,Family Time,Events,No,44.13368392134449,5.0,4.0,5.0,5.0
10089,48,4,no,Rarely,Nature,Dinosaurs,Yes,0.0,4.0,4.0,5.0,4.0
10090,65,4,no,Quarterly,Exhibits,Farm,No,16.41931567004037,3.0,4.0,3.0,3.0
10091,32,5,no,First visit,Family Time,Events,Yes,0.0,4.0,4.0,4.0,4.0
10092,25,4,no,Monthly,Special Event,Farm,Yes,0.0,4.0,3.0,5.0,4.0
10093,31,6,no,Rarely,Exhibits,Events,Yes,19.461930796767252,4.0,4.0,4.0,4.0
10094,40,7,no,Quarterly,Family Time,Curiosity Museum,No,17.092466942211885,4.0,3.0,4.0,4.0
10095,74,3,yes,First visit,Education,Events,No,10.72744593386698,3.0,3.0,3.0,3.0
10096,57,3,no,Quarterly,Education,Garden,No,13.407088649403702,3.0,4.0,3.0,3.0
10097,38,4,no,First visit,Nature,Dinosaurs,No,61.47449151106886,4.0,4.0,4.0,4.0
10098,33,3,no,Monthly,Entertainment,Curiosity Museum,Yes,11.127372929528484,3.0,5.0,3.0,3.0
10099,62,5,yes,Quarterly,Exhibits,Curiosity Museum,Yes,22.65186541875112,4.0,5.0,4.0,4.0
10100,35,6,yes,First visit,Special Event,Garden,Yes,5.259527705791786,4.0,4.0,4.0,4.0
10101,64,2,yes,Quarterly,Special Event,Events,Yes,19.428488625609045,4.0,1.0,4.0,5.0
10102,70,2,yes,Quarterly,Entertainment,Dinosaurs,No,11.426494874165737,2.0,4.0,2.0,2.0
10103,41,3,no,Quarterly,Education,Curiosity Museum,No,8.84222275905405,4.0,3.0,3.0,4.0
10104,43,5,no,Rarely,Education,Dinosaurs,Yes,42.28347798300487,4.0,3.0,4.0,3.0
10105,42,4,no,First visit,Family Time,Curiosity Museum,Yes,32.657774447765085,4.0,3.0,4.0,4.0
10106,62,2,yes,First visit,Nature,Events,Yes,17.05119971098846,4.0,3.0,5.0,3.0
10107,58,6,yes,First visit,Exhibits,Curiosity Museum,No,0.0,5.0,4.0,4.0,5.0
10108,46,5,yes,Monthly,Nature,Curiosity Museum,No,9.584861651211455,4.0,2.0,4.0,4.0
10109,32,1,yes,First visit,Nature,Farm,No,55.545413466076255,4.0,2.0,4.0,5.0
10110,62,5,yes,Quarterly,Family Time,Events,No,11.540075000404379,5.0,3.0,5.0,5.0
10111,18,5,yes,First visit,Nature,Garden,No,31.54826358080487,4.0,4.0,4.0,4.0
10112,42,4,no,Rarely,Entertainment,Garden,Yes,36.629136029289015,4.0,4.0,4.0,5.0
10113,24,1,no,Quarterly,Family Time,Events,Yes,18.284458737839625,4.0,3.0,4.0,5.0
10114,26,1,no,Monthly,Entertainment,Garden,No,2.372675521977716,4.0,2.0,4.0,4.0
10115,41,2,no,First visit,Family Time,Events,No,0.0,3.0,3.0,2.0,3.0
10116,18,6,no,Rarely,Nature,Garden,Yes,25.262448129134317,4.0,4.0,4.0,4.0
10117,61,6,yes,Rarely,Entertainment,Farm,No,2.7786599576467785,3.0,4.0,4.0,3.0
10118,25,2,yes,First visit,Entertainment,Garden,No,17.64225677831538,3.0,2.0,3.0,3.0
10119,41,3,no,First visit,Entertainment,Curiosity Museum,No,0.0,4.0,3.0,4.0,5.0
10120,28,3,yes,Rarely,Family Time,Events,No,11.021436892946967,4.0,2.0,4.0,3.0
10121,68,3,no,Rarely,Special Event,Dinosaurs,No,15.505785823515799,5.0,2.0,5.0,5.0
10122,34,6,no,Quarterly,Nature,Dinosaurs,No,19.02890371566447,2.0,4.0,2.0,2.0
10123,25,3,yes,Rarely,Entertainment,Events,Yes,0.0,3.0,4.0,3.0,3.0
10124,52,3,yes,Rarely,Exhibits,Farm,Yes,32.953664231420284,4.0,4.0,4.0,5.0
10125,52,3,no,Rarely,Special Event,Garden,Yes,6.046578229020431,5.0,5.0,5.0,5.0
10126,50,5,yes,Quarterly,Exhibits,Farm,Yes,0.0,4.0,3.0,4.0,4.0
10127,22,4,yes,Monthly,Nature,Dinosaurs,No,13.364648700548043,4.0,3.0,4.0,5.0
10128,59,5,no,Rarely,Nature,Events,No,15.515629635396902,3.0,5.0,3.0,3.0
10129,56,3,no,Quarterly,Entertainment,Events,Yes,17.408841497576397,3.0,4.0,2.0,3.0
10130,58,5,yes,First visit,Entertainment,Farm,No,35.431986055276184,4.0,4.0,5.0,5.0
10131,45,5,no,Rarely,Family Time,Farm,Yes,11.453267448962109,3.0,4.0,3.0,4.0
10132,24,2,no,First visit,Special Event,Garden,Yes,13.20570563446843,3.0,2.0,3.0,3.0
10133,26,4,no,Rarely,Special Event,Curiosity Museum,Yes,0.0,4.0,2.0,4.0,4.0
10134,25,6,no,Quarterly,Entertainment,Curiosity Museum,Yes,27.308302543318455,3.0,3.0,3.0,2.0
10135,29,6,no,Monthly,Nature,Garden,Yes,17.764635961171553,5.0,5.0,5.0,5.0
10136,51,4,no,First visit,Entertainment,Curiosity Museum,No,8.699584090587557,4.0,4.0,3.0,3.0
10137,50,4,no,Quarterly,Nature,Dinosaurs,No,0.0,2.0,4.0,2.0,2.0
10138,65,6,yes,Quarterly,Nature,Curiosity Museum,No,36.66618292582631,3.0,2.0,3.0,2.0
10139,72,4,no,First visit,Entertainment,Garden,Yes,0.0,2.0,5.0,2.0,2.0
10140,40,1,yes,First visit,Education,Curiosity Museum,Yes,6.1308298594544155,3.0,3.0,3.0,3.0
10141,41,6,yes,First visit,Special Event,Events,Yes,20.375167666140047,4.0,4.0,3.0,4.0
10142,54,3,yes,First visit,Exhibits,Farm,No,0.0,3.0,3.0,3.0,3.0
10143,52,4,no,First visit,Nature,Dinosaurs,Yes,0.0,4.0,4.0,4.0,5.0
10144,61,3,no,First visit,Nature,Events,No,0.0,2.0,4.0,2.0,2.0
10145,57,1,yes,First visit,Education,Events,No,25.81495429358453,4.0,3.0,5.0,4.0
10146,39,3,yes,Quarterly,Exhibits,Garden,No,6.822206329105175,3.0,2.0,2.0,3.0
10147,44,5,no,Quarterly,Family Time,Farm,No,58.90905138709995,4.0,3.0,4.0,5.0
10148,52,3,no,Weekly,Education,Farm,Yes,0.08467401553689913,4.0,3.0,4.0,4.0
10149,18,3,yes,Rarely,Exhibits,Dinosaurs,Yes,1.178234648566181,3.0,5.0,3.0,3.0
10150,52,3,no,Quarterly,Education,Garden,Yes,6.519105445718978,3.0,4.0,3.0,2.0
10151,54,4,no,Monthly,Nature,Dinosaurs,No,18.647019827077337,4.0,3.0,4.0,4.0
10152,64,7,no,Quarterly,Special Event,Curiosity Museum,Yes,7.94694991822033,4.0,3.0,4.0,4.0
10153,31,4,yes,Rarely,Education,Events,Yes,24.18498321003768,4.0,2.0,4.0,4.0
10154,20,4,no,Quarterly,Family Time,Dinosaurs,No,0.32117415017018425,4.0,2.0,4.0,3.0
10155,18,6,no,First visit,Entertainment,Events,Yes,0.0,4.0,4.0,4.0,4.0
10156,22,4,no,First visit,Exhibits,Garden,No,0.0,2.0,4.0,2.0,3.0
10157,43,3,no,Rarely,Education,Curiosity Museum,No,0.0,3.0,4.0,3.0,4.0
10158,72,3,no,Quarterly,Education,Garden,Yes,7.228964707874148,4.0,4.0,4.0,4.0
10159,31,3,yes,First visit,Family Time,Curiosity Museum,Yes,10.485295314101672,5.0,4.0,5.0,5.0
10160,56,4,no,Monthly,Special Event,Curiosity Museum,Yes,5.528444587752251,4.0,4.0,4.0,3.0
10161,44,4,no,Quarterly,Education,Events,No,33.65108695780743,5.0,3.0,5.0,5.0
10162,26,5,yes,Rarely,Education,Garden,No,33.42045314412203,4.0,5.0,4.0,4.0
10163,32,3,no,Monthly,Special Event,Garden,No,9.977955188332471,3.0,3.0,3.0,3.0
10164,32,4,yes,Rarely,Family Time,Dinosaurs,No,0.0,4.0,3.0,4.0,3.0
10165,43,5,yes,Weekly,Exhibits,Garden,No,6.499423379174206,4.0,1.0,4.0,4.0
10166,59,4,no,Rarely,Exhibits,Dinosaurs,Yes,6.002679091244076,3.0,4.0,2.0,3.0
10167,30,6,no,First visit,Education,Farm,Yes,5.14297556582913,3.0,4.0,4.0,3.0
10168,68,4,no,Quarterly,Special Event,Farm,No,4.534216441526327,3.0,2.0,2.0,3.0
10169,49,3,yes,Quarterly,Education,Farm,Yes,5.198056564127892,5.0,3.0,5.0,5.0
10170,56,5,no,Quarterly,Entertainment,Garden,Yes,9.201875761533604,2.0,4.0,2.0,2.0
10171,66,4,yes,Weekly,Exhibits,Garden,No,5.46688351776665,4.0,2.0,4.0,4.0
10172,69,4,no,Quarterly,Nature,Dinosaurs,No,18.124837629383883,3.0,4.0,4.0,3.0
10173,49,4,no,Quarterly,Entertainment,Curiosity Museum,No,20.405530738572917,3.0,3.0,2.0,3.0
10174,21,4,no,Monthly,Education,Dinosaurs,No,1.3403236922626527,4.0,3.0,4.0,4.0
10175,47,5,no,Quarterly,Family Time,Farm,Yes,34.065979890105496,4.0,3.0,3.0,3.0
10176,54,2,yes,Rarely,Exhibits,Dinosaurs,No,0.2990654723907926,4.0,4.0,4.0,4.0
10177,40,3,no,Monthly,Nature,Curiosity Museum,Yes,0.0,4.0,5.0,4.0,5.0
10178,56,1,no,First visit,Entertainment,Garden,Yes,20.711671070475777,5.0,4.0,5.0,5.0
10179,62,5,no,Quarterly,Exhibits,Dinosaurs,No,2.738877983784903,4.0,3.0,4.0,4.0
10180,32,3,no,Monthly,Special Event,Farm,Yes,19.81937206136082,4.0,5.0,5.0,4.0
10181,60,6,yes,Quarterly,Family Time,Farm,No,0.0,4.0,3.0,4.0,4.0
10182,46,4,yes,Quarterly,Entertainment,Garden,Yes,35.886839122246016,5.0,5.0,5.0,5.0
10183,53,6,no,Quarterly,Special Event,Dinosaurs,No,25.08440112060603,3.0,4.0,2.0,3.0
10184,30,7,yes,Rarely,Education,Curiosity Museum,Yes,0.0,3.0,1.0,3.0,3.0
10185,49,6,yes,Monthly,Special Event,Garden,No,0.0,3.0,2.0,3.0,2.0
10186,24,6,no,First visit,Entertainment,Dinosaurs,No,40.08398856146292,2.0,4.0,3.0,2.0
10187,68,4,no,First visit,Entertainment,Events,Yes,3.9393014475306183,4.0,4.0,4.0,3.0
10188,39,4,no,First visit,Education,Farm,Yes,2.4872272690106403,2.0,3.0,3.0,2.0
10189,45,3,no,Rarely,Special Event,Curiosity Museum,Yes,0.0,4.0,3.0,4.0,5.0
10190,19,3,no,Rarely,Special Event,Curiosity Museum,Yes,9.738326915976687,4.0,2.0,4.0,4.0
10191,59,4,yes,Quarterly,Education,Curiosity Museum,No,11.584205777463707,3.0,3.0,3.0,3.0
10192,62,4,yes,Rarely,Special Event,Farm,No,25.73239645154228,5.0,5.0,5.0,5.0
10193,74,3,yes,Rarely,Exhibits,Dinosaurs,Yes,0.0,3.0,4.0,3.0,4.0
10194,70,4,no,First visit,Education,Garden,Yes,0.0,5.0,5.0,5.0,5.0
10195,23,6,no,Rarely,Family Time,Dinosaurs,Yes,21.76443952164715,4.0,5.0,4.0,4.0
10196,45,4,no,Quarterly,Entertainment,Garden,No,30.100951068405973,2.0,4.0,1.0,1.0
10197,45,5,no,First visit,Family Time,Curiosity Museum,Yes,0.0,5.0,5.0,5.0,5.0
10198,61,6,no,First visit,Exhibits,Dinosaurs,No,31.22271129449612,3.0,4.0,3.0,4.0
10199,61,7,yes,First visit,Exhibits,Curiosity Museum,No,15.563127622302321,3.0,3.0,3.0,3.0
10200,37,5,no,First visit,Nature,Events,Yes,31.377080086119687,3.0,5.0,4.0,2.0
10201,47,6,yes,Rarely,Nature,Curiosity Museum,No,13.946694577235752,3.0,4.0,3.0,3.0
10202,28,7,yes,First visit,Nature,Curiosity Museum,No,0.0,3.0,3.0,4.0,3.0
10203,72,6,yes,Quarterly,Education,Garden,No,12.720489265259417,4.0,3.0,4.0,4.0
10204,45,2,no,Quarterly,Special Event,Events,Yes,30.902157280069048,4.0,4.0,3.0,5.0
10205,42,4,no,Rarely,Exhibits,Curiosity Museum,Yes,1.5938097137442853,4.0,4.0,5.0,4.0
10206,56,3,yes,Weekly,Family Time,Curiosity Museum,No,9.180525466388216,3.0,4.0,3.0,3.0
10207,50,1,yes,Rarely,Family Time,Events,No,12.357997446735325,2.0,2.0,2.0,2.0
10208,18,5,no,Rarely,Family Time,Events,No,0.0,3.0,5.0,3.0,3.0
10209,74,5,yes,Weekly,Family Time,Dinosaurs,No,40.07021363156214,2.0,3.0,2.0,2.0
10210,44,6,no,First visit,Nature,Garden,No,1.4793648015423826,4.0,3.0,4.0,4.0
10211,74,2,no,Monthly,Family Time,Events,No,22.586031487091983,3.0,2.0,2.0,4.0
10212,69,6,no,First visit,Special Event,Events,Yes,13.699482957776869,4.0,5.0,3.0,5.0
10213,30,5,no,Rarely,Nature,Farm,No,33.8642858453904,4.0,3.0,4.0,3.0
10214,58,5,yes,First visit,Family Time,Events,No,21.090841836421212,3.0,3.0,3.0,2.0
10215,20,6,no,Quarterly,Education,Garden,No,11.47613592718538,4.0,4.0,4.0,4.0
10216,56,5,no,Quarterly,Entertainment,Curiosity Museum,No,1.5972736122107971,3.0,4.0,2.0,2.0
10217,23,3,no,Quarterly,Entertainment,Curiosity Museum,Yes,26.96776052073208,5.0,4.0,5.0,5.0
10218,25,6,yes,Rarely,Entertainment,Curiosity Museum,No,0.0,3.0,4.0,4.0,3.0
10219,44,4,no,Rarely,Nature,Curiosity Museum,No,24.688356304138388,3.0,3.0,3.0,4.0
10220,26,1,no,First visit,Family Time,Farm,Yes,0.0,4.0,3.0,4.0,4.0
10221,54,6,yes,First visit,Exhibits,Events,No,33.7842549293496,3.0,2.0,4.0,3.0
10222,50,3,no,Monthly,Exhibits,Curiosity Museum,Yes,17.41949313994043,3.0,3.0,4.0,2.0
10223,68,5,no,Rarely,Exhibits,Dinosaurs,Yes,24.66185651775163,3.0,5.0,3.0,3.0
10224,59,4,no,Quarterly,Nature,Curiosity Museum,Yes,16.22983220737079,4.0,5.0,5.0,4.0
10225,61,6,yes,Quarterly,Special Event,Events,No,0.0,4.0,3.0,4.0,4.0
10226,41,3,no,Rarely,Education,Curiosity Museum,No,2.089062549069923,2.0,5.0,2.0,2.0
10227,32,7,no,Quarterly,Education,Farm,No,25.085840064170736,4.0,3.0,3.0,4.0
10228,71,5,no,First visit,Entertainment,Garden,No,17.49983726039766,4.0,3.0,4.0,3.0
10229,49,2,yes,First visit,Entertainment,Garden,No,32.71484857958508,4.0,3.0,4.0,3.0
10230,49,4,no,First visit,Exhibits,Events,Yes,21.049118445557575,5.0,4.0,5.0,4.0
10231,41,7,yes,Quarterly,Exhibits,Garden,Yes,0.4994716394601034,4.0,4.0,4.0,3.0
10232,58,4,no,Rarely,Entertainment,Garden,No,3.05903793419049,3.0,4.0,4.0,3.0
10233,69,3,no,Rarely,Family Time,Dinosaurs,Yes,16.543760857848557,4.0,4.0,3.0,4.0
10234,66,4,yes,Rarely,Special Event,Events,No,0.0,4.0,4.0,4.0,4.0
10235,66,4,no,Rarely,Special Event,Events,No,40.10162828434478,3.0,4.0,3.0,3.0
10236,69,5,yes,Quarterly,Special Event,Garden,No,21.626201045663358,4.0,4.0,4.0,2.0
10237,29,5,no,Quarterly,Special Event,Garden,No,33.405518955733086,3.0,2.0,3.0,4.0
10238,56,4,no,First visit,Entertainment,Garden,Yes,0.0,3.0,3.0,4.0,2.0
10239,19,3,no,First visit,Education,Farm,Yes,33.66847740532884,3.0,4.0,2.0,3.0
10240,20,5,yes,Quarterly,Entertainment,Curiosity Museum,No,48.47248366541623,4.0,3.0,4.0,3.0
10241,66,4,no,Rarely,Special Event,Farm,Yes,0.0,1.0,4.0,1.0,1.0
10242,54,2,yes,Quarterly,Entertainment,Events,No,26.5710269235565,4.0,3.0,4.0,4.0
10243,66,6,yes,First visit,Special Event,Dinosaurs,Yes,15.016649170309398,4.0,5.0,4.0,4.0
10244,73,5,no,Rarely,Nature,Curiosity Museum,No,0.0,2.0,2.0,2.0,2.0
10245,34,5,yes,First visit,Exhibits,Dinosaurs,No,22.393259577778046,4.0,2.0,5.0,5.0
10246,66,6,no,First visit,Education,Events,No,27.504048072560227,4.0,3.0,4.0,4.0
10247,19,4,no,Quarterly,Nature,Events,Yes,5.983101709967297,4.0,3.0,4.0,4.0
10248,19,6,yes,Rarely,Family Time,Dinosaurs,Yes,32.488747803828346,2.0,4.0,2.0,2.0
10249,45,4,yes,Quarterly,Entertainment,Dinosaurs,No,0.0,4.0,4.0,4.0,3.0
10250,71,1,no,Monthly,Family Time,Dinosaurs,Yes,0.0,3.0,5.0,2.0,3.0
10251,40,4,yes,Rarely,Entertainment,Events,No,17.048960933831285,4.0,2.0,4.0,4.0
10252,54,4,no,Quarterly,Exhibits,Garden,No,15.380779169584075,4.0,3.0,4.0,5.0
10253,49,5,no,First visit,Nature,Dinosaurs,No,4.251397673638422,3.0,4.0,3.0,2.0
10254,50,2,no,Rarely,Exhibits,Curiosity Museum,No,27.14391653957829,4.0,4.0,4.0,3.0
10255,18,2,no,Quarterly,Special Event,Events,Yes,22.96341471323924,3.0,5.0,3.0,3.0
10256,36,3,yes,Rarely,Exhibits,Farm,No,27.87208606401024,2.0,4.0,3.0,2.0
10257,19,3,yes,Quarterly,Exhibits,Farm,No,13.152953469715985,4.0,3.0,3.0,4.0
10258,70,5,no,First visit,Special Event,Curiosity Museum,No,24.038704019675112,3.0,2.0,3.0,3.0
10259,61,3,no,Quarterly,Entertainment,Garden,No,8.31524545455008,3.0,3.0,3.0,3.0
10260,43,5,no,Monthly,Special Event,Dinosaurs,No,45.80728035129895,3.0,3.0,3.0,3.0
10261,49,4,yes,Monthly,Nature,Events,Yes,2.8118134481702164,4.0,4.0,4.0,4.0
10262,23,4,yes,Quarterly,Exhibits,Dinosaurs,Yes,46.57946144187468,4.0,4.0,4.0,4.0
10263,49,6,yes,Quarterly,Special Event,Events,No,15.523319206341128,4.0,2.0,4.0,4.0
10264,72,4,no,Quarterly,Exhibits,Farm,Yes,0.0,3.0,3.0,4.0,4.0
10265,21,5,no,Quarterly,Nature,Dinosaurs,No,35.52119025732902,3.0,4.0,3.0,4.0
10266,72,4,no,First visit,Family Time,Curiosity Museum,No,16.888520825924385,3.0,3.0,3.0,3.0
10267,28,4,no,Rarely,Nature,Garden,Yes,27.766861475703568,5.0,4.0,5.0,3.0
10268,73,7,yes,Rarely,Education,Curiosity Museum,Yes,33.3578387781389,4.0,4.0,4.0,5.0
10269,34,3,no,Weekly,Education,Garden,No,20.069333312175377,4.0,5.0,5.0,4.0
10270,55,1,no,Rarely,Education,Dinosaurs,Yes,6.116387327807781,4.0,4.0,4.0,5.0
10271,41,5,no,Rarely,Exhibits,Dinosaurs,No,29.63570066503875,3.0,3.0,3.0,4.0
10272,22,1,no,Rarely,Entertainment,Garden,No,15.011332611818933,3.0,2.0,3.0,4.0
10273,69,6,no,Quarterly,Entertainment,Farm,No,25.287867279126285,3.0,3.0,3.0,3.0
10274,51,4,no,Quarterly,Entertainment,Events,No,0.0,4.0,1.0,3.0,5.0
10275,23,6,yes,First visit,Exhibits,Curiosity Museum,Yes,21.704725755147777,5.0,4.0,5.0,5.0
10276,39,5,yes,Rarely,Nature,Curiosity Museum,No,5.421212622824548,4.0,3.0,4.0,4.0
10277,28,5,no,Quarterly,Entertainment,Curiosity Museum,Yes,39.79964455767796,5.0,3.0,4.0,4.0
10278,65,6,yes,Rarely,Family Time,Dinosaurs,Yes,24.346310218336427,3.0,3.0,3.0,3.0
10279,33,4,yes,First visit,Education,Curiosity Museum,No,18.59786618773945,3.0,4.0,2.0,3.0
10280,50,7,yes,Quarterly,Nature,Events,No,22.294649900253322,3.0,3.0,3.0,3.0
10281,26,2,no,Quarterly,Education,Events,Yes,0.02338720684922635,4.0,4.0,5.0,3.0
10282,23,4,yes,First visit,Entertainment,Garden,No,39.34885035792081,3.0,3.0,2.0,2.0
10283,33,3,no,Quarterly,Nature,Dinosaurs,No,44.870556276253566,4.0,3.0,3.0,4.0
10284,46,4,no,Quarterly,Special Event,Events,Yes,20.893702658223244,3.0,5.0,3.0,3.0
10285,20,3,yes,Rarely,Family Time,Farm,Yes,38.856053528604576,4.0,4.0,5.0,5.0
10286,37,6,yes,Weekly,Entertainment,Dinosaurs,No,6.462777019911992,4.0,2.0,3.0,4.0
10287,53,6,yes,Quarterly,Entertainment,Dinosaurs,No,3.0432965066252886,2.0,5.0,2.0,3.0
10288,36,7,no,Quarterly,Family Time,Events,No,15.613871230933842,5.0,3.0,5.0,5.0
10289,43,3,yes,Quarterly,Family Time,Farm,No,21.52411557551848,3.0,3.0,2.0,2.0
10290,20,5,no,First visit,Special Event,Garden,Yes,9.090199781353194,2.0,3.0,2.0,2.0
10291,36,4,yes,First visit,Entertainment,Events,No,23.066522855527257,4.0,4.0,4.0,4.0
10292,37,3,no,Rarely,Exhibits,Farm,No,19.595842231101212,4.0,3.0,4.0,4.0
10293,49,4,no,First visit,Entertainment,Dinosaurs,No,0.025398370634175937,3.0,4.0,4.0,3.0
10294,24,4,no,Rarely,Education,Farm,Yes,22.78189526177582,4.0,4.0,5.0,4.0
10295,69,5,no,Monthly,Nature,Dinosaurs,Yes,27.952923637822817,4.0,3.0,4.0,4.0
10296,58,4,yes,Quarterly,Nature,Events,Yes,17.572039763855866,4.0,5.0,4.0,4.0
10297,50,4,no,Quarterly,Education,Events,No,32.289721548925385,4.0,4.0,4.0,3.0
10298,57,1,yes,Monthly,Nature,Curiosity Museum,No,0.0,3.0,3.0,3.0,3.0
10299,56,1,no,Quarterly,Family Time,Curiosity Museum,No,22.019256331977775,5.0,4.0,5.0,5.0
10300,35,1,no,Rarely,Nature,Curiosity Museum,Yes,0.0,3.0,4.0,3.0,4.0
10301,57,7,no,First visit,Nature,Events,Yes,0.0,4.0,4.0,3.0,4.0
10302,18,1,yes,Rarely,Education,Garden,No,5.53603749393315,4.0,4.0,5.0,4.0
10303,28,2,yes,Quarterly,Special Event,Events,No,0.8690972463863261,4.0,4.0,4.0,4.0
10304,45,3,no,Rarely,Nature,Farm,No,6.780062718882933,3.0,3.0,3.0,3.0
10305,74,6,no,Quarterly,Exhibits,Events,Yes,11.787745339332169,3.0,5.0,3.0,3.0
10306,42,7,yes,First visit,Nature,Events,No,27.557317294970765,4.0,1.0,5.0,4.0
10307,67,5,no,Quarterly,Special Event,Dinosaurs,Yes,10.182614419414463,4.0,5.0,3.0,4.0
10308,40,5,yes,Quarterly,Education,Dinosaurs,Yes,0.0,5.0,2.0,5.0,5.0
10309,48,4,no,Quarterly,Special Event,Dinosaurs,No,32.10101769742741,3.0,3.0,2.0,3.0
10310,47,1,no,Weekly,Education,Events,Yes,2.4436479957744064,5.0,4.0,5.0,5.0
10311,59,7,no,Quarterly,Family Time,Garden,Yes,14.11919359343057,5.0,4.0,5.0,5.0
10312,52,5,yes,Monthly,Education,Farm,No,21.698047604110673,3.0,4.0,4.0,3.0
10313,24,5,no,Monthly,Family Time,Farm,No,17.994156276041743,3.0,2.0,3.0,3.0
10314,33,5,yes,Quarterly,Family Time,Garden,No,31.412693212822134,3.0,3.0,2.0,3.0
10315,43,5,no,Quarterly,Education,Garden,No,22.185047150891382,4.0,3.0,4.0,4.0
10316,65,5,yes,First visit,Exhibits,Farm,Yes,2.0803563045433804,4.0,4.0,4.0,4.0
10317,74,7,no,Rarely,Entertainment,Curiosity Museum,Yes,47.678432609874925,3.0,4.0,4.0,3.0
10318,69,6,no,Quarterly,Education,Dinosaurs,No,17.9150019500735,5.0,3.0,4.0,5.0
10319,66,5,no,First visit,Nature,Dinosaurs,No,12.789896600677407,3.0,3.0,4.0,3.0
10320,19,5,no,First visit,Exhibits,Farm,No,29.458881345833564,2.0,3.0,2.0,3.0
10321,18,1,no,Weekly,Exhibits,Garden,Yes,18.741764188951084,5.0,4.0,5.0,5.0
10322,65,5,no,Monthly,Nature,Curiosity Museum,No,20.988422894089908,2.0,4.0,2.0,2.0
10323,29,1,no,Quarterly,Entertainment,Farm,Yes,52.3827599790103,4.0,3.0,4.0,3.0
10324,22,4,no,Rarely,Exhibits,Dinosaurs,No,10.8731785761743,5.0,3.0,5.0,5.0
10325,54,8,no,First visit,Family Time,Events,No,10.233586589739062,3.0,4.0,2.0,2.0
10326,49,4,no,First visit,Entertainment,Garden,No,16.748677680186958,3.0,3.0,3.0,3.0
10327,72,4,no,First visit,Nature,Events,No,31.072739033715578,3.0,4.0,3.0,3.0
10328,26,3,no,First visit,Entertainment,Farm,No,0.0,3.0,2.0,4.0,3.0
10329,58,2,yes,First visit,Education,Dinosaurs,No,0.0,4.0,2.0,4.0,4.0
10330,52,5,yes,Monthly,Entertainment,Curiosity Museum,No,6.193270940697786,4.0,3.0,5.0,4.0
10331,36,3,yes,Quarterly,Family Time,Events,Yes,0.0,3.0,3.0,4.0,4.0
10332,65,2,yes,First visit,Education,Curiosity Museum,No,8.627529787115423,5.0,3.0,5.0,5.0
10333,33,4,yes,First visit,Special Event,Dinosaurs,Yes,22.537495441939353,4.0,3.0,4.0,4.0
10334,20,5,no,Rarely,Nature,Events,No,1.6387670467160498,4.0,4.0,4.0,4.0
10335,37,5,yes,First visit,Nature,Curiosity Museum,No,0.0,3.0,3.0,3.0,4.0
10336,41,1,no,Monthly,Entertainment,Curiosity Museum,No,16.040057425730218,4.0,3.0,4.0,4.0
10337,71,4,yes,Rarely,Exhibits,Events,Yes,27.938152269227555,4.0,4.0,4.0,4.0
10338,73,4,yes,Rarely,Education,Dinosaurs,Yes,0.0,4.0,4.0,5.0,4.0
10339,50,5,no,Rarely,Special Event,Curiosity Museum,No,27.303485974589762,3.0,3.0,3.0,3.0
10340,41,5,no,First visit,Education,Farm,No,27.25959305607489,3.0,4.0,3.0,3.0
10341,69,4,yes,Quarterly,Nature,Events,No,29.31127653234942,4.0,3.0,3.0,3.0
10342,28,4,no,Quarterly,Education,Garden,Yes,33.2772032230753,3.0,5.0,3.0,2.0
10343,66,4,no,Quarterly,Special Event,Garden,No,48.03020886989424,3.0,3.0,3.0,3.0
10344,25,6,yes,First visit,Exhibits,Dinosaurs,No,9.658619270714173,3.0,2.0,3.0,3.0
10345,53,4,yes,Quarterly,Entertainment,Farm,Yes,16.64357370116787,4.0,4.0,4.0,4.0
10346,55,4,no,Quarterly,Family Time,Curiosity Museum,Yes,8.753423501279617,3.0,3.0,3.0,3.0
10347,57,4,no,Monthly,Education,Garden,No,15.029652671337162,3.0,4.0,4.0,4.0
10348,37,4,no,Rarely,Family Time,Dinosaurs,No,37.99310033454468,4.0,5.0,4.0,5.0
10349,52,6,no,Rarely,Nature,Farm,No,0.0,2.0,3.0,2.0,2.0
10350,65,4,yes,Quarterly,Entertainment,Farm,No,2.084254917516368,2.0,3.0,2.0,2.0
10351,42,5,no,Quarterly,Entertainment,Dinosaurs,No,35.65771404756842,4.0,2.0,5.0,4.0
10352,52,5,yes,Rarely,Education,Dinosaurs,No,30.300547603531346,3.0,4.0,3.0,3.0
10353,42,4,no,Rarely,Exhibits,Curiosity Museum,Yes,9.55302529774383,4.0,3.0,4.0,4.0
10354,46,4,no,Rarely,Entertainment,Dinosaurs,Yes,27.8160300168108,4.0,3.0,5.0,4.0
10355,35,6,no,Monthly,Education,Curiosity Museum,No,20.1182376373805,4.0,2.0,5.0,4.0
10356,63,4,yes,Rarely,Education,Curiosity Museum,No,37.50411913501482,5.0,4.0,5.0,5.0
10357,35,4,yes,Monthly,Family Time,Events,No,16.11764390740159,3.0,4.0,4.0,3.0
10358,19,8,no,Rarely,Entertainment,Farm,No,30.384481708088735,4.0,3.0,3.0,3.0
10359,71,1,no,Monthly,Education,Farm,Yes,54.6301786573893,3.0,3.0,4.0,3.0
10360,52,3,no,Quarterly,Family Time,Farm,No,23.971487325711994,5.0,4.0,5.0,5.0
10361,33,4,yes,Rarely,Special Event,Events,Yes,15.739922486922655,5.0,3.0,5.0,5.0
10362,58,6,no,Monthly,Family Time,Curiosity Museum,No,25.836704778314694,4.0,1.0,4.0,3.0
10363,53,1,yes,First visit,Family Time,Curiosity Museum,No,9.520787126941727,4.0,4.0,4.0,4.0
10364,50,1,no,Monthly,Education,Dinosaurs,No,50.819515582870984,4.0,2.0,4.0,4.0
10365,21,1,yes,Quarterly,Nature,Events,No,17.701065565439723,3.0,4.0,3.0,3.0
10366,50,1,no,First visit,Nature,Dinosaurs,Yes,10.906000196617306,3.0,3.0,4.0,4.0
10367,31,1,yes,Quarterly,Exhibits,Events,No,2.464664924699454,4.0,4.0,4.0,4.0
10368,38,4,no,Weekly,Nature,Dinosaurs,Yes,31.458302874096578,4.0,5.0,4.0,4.0
10369,65,4,no,First visit,Family Time,Garden,No,28.00781119241608,4.0,2.0,4.0,4.0
10370,37,3,yes,Quarterly,Exhibits,Farm,No,7.539684428788601,3.0,3.0,3.0,3.0
10371,73,4,yes,Quarterly,Education,Farm,No,23.64677017683634,2.0,3.0,2.0,3.0
10372,25,1,yes,Quarterly,Entertainment,Curiosity Museum,No,0.0,4.0,4.0,4.0,4.0
10373,24,3,yes,Rarely,Family Time,Garden,Yes,17.774558626097345,4.0,3.0,3.0,4.0
10374,20,4,no,First visit,Family Time,Farm,No,21.791345281150416,3.0,3.0,2.0,3.0
10375,34,5,no,First visit,Exhibits,Curiosity Museum,Yes,40.60994714338834,5.0,4.0,5.0,5.0
10376,50,1,no,Quarterly,Education,Garden,No,3.437717959069659,3.0,3.0,4.0,2.0
10377,65,4,no,Rarely,Special Event,Farm,Yes,0.0,3.0,4.0,2.0,3.0
10378,29,3,no,Monthly,Family Time,Dinosaurs,Yes,1.568580586124374,4.0,3.0,5.0,4.0
10379,68,6,yes,First visit,Special Event,Events,No,0.0,3.0,5.0,3.0,2.0
10380,39,5,yes,Quarterly,Special Event,Garden,No,35.04986036638475,4.0,2.0,4.0,4.0
10381,72,4,no,First visit,Nature,Curiosity Museum,Yes,38.22958942536055,3.0,4.0,3.0,3.0
10382,39,3,no,First visit,Education,Garden,Yes,19.803248669232435,5.0,4.0,4.0,5.0
10383,63,6,yes,Rarely,Special Event,Curiosity Museum,No,33.31942418527722,5.0,5.0,5.0,5.0
10384,47,1,yes,Rarely,Education,Garden,Yes,17.00937570870353,4.0,3.0,4.0,4.0
10385,55,2,no,Quarterly,Nature,Curiosity Museum,Yes,13.57332528448851,5.0,5.0,5.0,5.0
10386,55,4,no,Monthly,Education,Farm,No,10.004435714193574,3.0,4.0,4.0,4.0
10387,62,2,yes,Quarterly,Family Time,Dinosaurs,Yes,10.344135129336518,5.0,4.0,4.0,5.0
10388,68,7,no,Weekly,Special Event,Farm,No,0.0,4.0,2.0,3.0,4.0
10389,71,5,no,Monthly,Education,Dinosaurs,No,18.96382145411008,4.0,4.0,4.0,5.0
10390,25,3,yes,Quarterly,Entertainment,Farm,No,14.394991346789345,3.0,3.0,3.0,3.0
10391,44,4,yes,Quarterly,Education,Farm,No,26.180410861168138,1.0,4.0,1.0,1.0
10392,44,7,no,Quarterly,Special Event,Garden,No,16.402852446579146,3.0,2.0,3.0,3.0
10393,51,6,no,First visit,Nature,Events,Yes,12.559444476463623,3.0,4.0,4.0,3.0
10394,38,5,yes,Quarterly,Nature,Curiosity Museum,Yes,1.9321045498855445,3.0,3.0,3.0,3.0
10395,47,6,no,First visit,Special Event,Curiosity Museum,No,16.08229855232642,4.0,2.0,4.0,4.0
10396,50,7,no,Quarterly,Family Time,Curiosity Museum,Yes,26.07355846224243,3.0,4.0,3.0,3.0
10397,45,5,no,Quarterly,Family Time,Dinosaurs,No,0.0,3.0,4.0,3.0,2.0
10398,64,1,no,First visit,Nature,Curiosity Museum,No,16.31210630521109,3.0,4.0,3.0,3.0
10399,50,4,no,First visit,Nature,Curiosity Museum,Yes,18.495644272942258,3.0,2.0,4.0,3.0
10400,22,6,no,Monthly,Special Event,Garden,No,4.2290282457260355,4.0,4.0,4.0,4.0
10401,65,3,no,Quarterly,Family Time,Farm,No,6.182155426379997,3.0,5.0,3.0,3.0
10402,36,6,no,First visit,Nature,Curiosity Museum,No,18.459162731493215,3.0,3.0,3.0,3.0
10403,21,2,no,Quarterly,Family Time,Events,No,0.0,3.0,5.0,3.0,2.0
10404,52,1,no,Quarterly,Nature,Curiosity Museum,No,20.24885572874089,4.0,3.0,4.0,4.0
10405,66,4,yes,Rarely,Education,Dinosaurs,No,1.5696843951119999,4.0,2.0,4.0,4.0
10406,34,1,no,Weekly,Entertainment,Dinosaurs,No,30.942805395498247,1.0,3.0,1.0,1.0
10407,61,7,no,Quarterly,Exhibits,Dinosaurs,No,50.067416180824495,4.0,4.0,5.0,4.0
10408,45,6,yes,Rarely,Education,Curiosity Museum,Yes,2.088647974472705,5.0,3.0,5.0,5.0
10409,47,6,no,Quarterly,Exhibits,Garden,Yes,23.01311793562012,3.0,3.0,2.0,3.0
10410,46,5,no,Monthly,Nature,Events,No,4.098871426769711,3.0,4.0,3.0,3.0
10411,63,3,yes,First visit,Entertainment,Curiosity Museum,Yes,30.614312606966845,3.0,4.0,2.0,3.0
10412,70,4,no,First visit,Entertainment,Garden,Yes,0.0,3.0,4.0,3.0,3.0
10413,23,4,yes,First visit,Nature,Garden,No,22.20880137641569,4.0,3.0,3.0,3.0
10414,52,4,yes,Quarterly,Nature,Curiosity Museum,Yes,1.9051654966597098,2.0,4.0,2.0,2.0
10415,58,3,no,Quarterly,Family Time,Curiosity Museum,No,11.89523116352447,3.0,3.0,3.0,3.0
10416,54,4,yes,Quarterly,Nature,Garden,No,0.0,5.0,3.0,5.0,5.0
10417,41,4,no,Monthly,Special Event,Garden,No,27.335257063436305,3.0,2.0,3.0,3.0
10418,46,8,no,Quarterly,Nature,Garden,No,2.4452946834061957,4.0,4.0,3.0,4.0
10419,66,6,no,First visit,Special Event,Curiosity Museum,Yes,23.279463889977414,4.0,3.0,4.0,3.0
10420,63,4,no,First visit,Nature,Garden,No,9.838529576065007,2.0,4.0,2.0,2.0
10421,70,5,yes,Rarely,Family Time,Dinosaurs,No,13.282914423017056,4.0,3.0,4.0,5.0
10422,48,5,no,Rarely,Special Event,Curiosity Museum,No,17.216338611001927,3.0,3.0,3.0,2.0
10423,52,1,yes,Quarterly,Education,Dinosaurs,No,3.5726299251172695,3.0,3.0,3.0,4.0
10424,50,6,no,Monthly,Special Event,Farm,Yes,18.155506703113304,4.0,3.0,4.0,4.0
10425,69,6,no,First visit,Family Time,Curiosity Museum,No,37.955018465316165,4.0,2.0,4.0,4.0
10426,38,4,yes,Quarterly,Exhibits,Farm,Yes,3.3285782125092855,4.0,3.0,4.0,3.0
10427,49,4,no,Quarterly,Special Event,Garden,No,32.577152149107675,4.0,3.0,4.0,4.0
10428,40,3,no,Rarely,Nature,Garden,No,37.47146450231676,4.0,3.0,3.0,4.0
10429,50,4,no,First visit,Nature,Events,Yes,2.7576751645793425,3.0,5.0,3.0,2.0
10430,20,1,no,Rarely,Exhibits,Garden,Yes,0.0,3.0,3.0,3.0,3.0
10431,35,6,yes,First visit,Family Time,Farm,Yes,19.52941350257647,5.0,3.0,4.0,5.0
10432,42,1,no,Monthly,Entertainment,Garden,No,6.788887158496905,4.0,2.0,5.0,5.0
10433,59,3,yes,First visit,Nature,Curiosity Museum,No,43.029048287445036,5.0,4.0,5.0,4.0
10434,48,6,no,Rarely,Education,Garden,Yes,15.522113107497484,5.0,5.0,4.0,5.0
10435,71,5,no,Rarely,Family Time,Events,No,2.967008879472312,4.0,4.0,5.0,4.0
10436,20,3,no,Weekly,Special Event,Garden,Yes,0.0,4.0,4.0,4.0,3.0
10437,57,3,no,First visit,Special Event,Farm,No,31.34857438636245,3.0,4.0,3.0,3.0
10438,63,1,yes,First visit,Education,Farm,Yes,6.4322403887372035,3.0,5.0,3.0,3.0
10439,41,5,no,First visit,Nature,Garden,No,15.657431991906424,4.0,3.0,4.0,3.0
10440,67,1,no,First visit,Family Time,Farm,No,29.33704117668721,4.0,4.0,4.0,4.0
10441,49,4,yes,First visit,Education,Farm,No,7.736124721037546,3.0,3.0,3.0,2.0
10442,64,7,no,Quarterly,Nature,Events,No,14.31106756889759,4.0,2.0,3.0,3.0
10443,39,2,yes,First visit,Family Time,Curiosity Museum,No,14.7514738526622,4.0,3.0,3.0,4.0
10444,40,6,no,First visit,Special Event,Events,No,25.249867672741377,3.0,3.0,3.0,3.0
10445,19,8,no,Quarterly,Family Time,Dinosaurs,No,23.86116503265489,3.0,3.0,3.0,3.0
10446,44,1,no,Rarely,Exhibits,Events,No,11.698294031177571,3.0,5.0,3.0,4.0
10447,59,6,yes,Rarely,Entertainment,Garden,No,15.954735922447766,3.0,3.0,3.0,3.0
10448,19,4,no,First visit,Family Time,Curiosity Museum,Yes,9.423314827147669,3.0,5.0,2.0,3.0
10449,43,6,no,Weekly,Entertainment,Garden,No,0.0,3.0,3.0,3.0,3.0
10450,34,4,no,First visit,Family Time,Dinosaurs,Yes,18.86401286097194,5.0,4.0,5.0,5.0
10451,57,5,no,Monthly,Entertainment,Curiosity Museum,No,43.38287641249602,3.0,2.0,3.0,3.0
10452,50,4,yes,Quarterly,Exhibits,Farm,No,1.7442128896340576,4.0,3.0,4.0,5.0
10453,26,6,no,First visit,Special Event,Events,No,3.404554355959455,3.0,4.0,2.0,3.0
10454,60,5,no,Weekly,Nature,Garden,Yes,1.9390834253438793,5.0,4.0,5.0,5.0
10455,71,4,no,First visit,Entertainment,Dinosaurs,Yes,25.86887668084684,5.0,5.0,5.0,5.0
10456,65,6,no,First visit,Exhibits,Farm,No,21.7272818129466,4.0,3.0,5.0,4.0
10457,56,3,no,Quarterly,Entertainment,Events,No,12.62193461375315,4.0,3.0,4.0,3.0
10458,46,3,no,Quarterly,Special Event,Farm,Yes,1.2297140754155205,4.0,5.0,4.0,4.0
10459,59,3,no,Quarterly,Entertainment,Events,No,16.385651874598864,3.0,3.0,3.0,3.0
10460,72,3,yes,First visit,Exhibits,Curiosity Museum,No,0.0,5.0,4.0,5.0,5.0
10461,43,3,yes,Rarely,Exhibits,Farm,No,17.1513985028624,3.0,3.0,2.0,2.0
10462,52,6,yes,Quarterly,Education,Farm,Yes,28.07286579131901,4.0,4.0,4.0,3.0
10463,67,2,yes,First visit,Special Event,Farm,No,0.0,4.0,4.0,4.0,4.0
10464,42,5,no,First visit,Education,Curiosity Museum,Yes,0.0,3.0,4.0,3.0,3.0
10465,41,3,no,First visit,Special Event,Dinosaurs,No,38.69156837542289,4.0,1.0,4.0,4.0
10466,30,6,no,First visit,Entertainment,Events,Yes,5.823605407431226,4.0,4.0,4.0,4.0
10467,24,7,no,Monthly,Exhibits,Farm,Yes,32.039217689157326,5.0,5.0,5.0,5.0
10468,74,4,no,Rarely,Education,Curiosity Museum,Yes,12.690035022032525,3.0,4.0,3.0,2.0
10469,53,6,no,Weekly,Entertainment,Dinosaurs,Yes,12.57067774588009,3.0,4.0,3.0,3.0
10470,62,1,no,Rarely,Exhibits,Events,No,21.576190492449676,3.0,2.0,2.0,3.0
10471,37,6,no,Quarterly,Special Event,Curiosity Museum,Yes,1.7400171488033904,4.0,3.0,2.0,4.0
10472,18,3,no,First visit,Exhibits,Events,Yes,16.987457152434683,4.0,4.0,4.0,4.0
10473,25,6,yes,Rarely,Entertainment,Farm,No,9.27765877763861,3.0,4.0,2.0,4.0
10474,63,1,no,First visit,Education,Dinosaurs,Yes,0.0,2.0,5.0,2.0,2.0
10475,33,4,no,First visit,Education,Curiosity Museum,Yes,20.062231120895987,4.0,4.0,4.0,4.0
10476,31,5,no,Rarely,Exhibits,Dinosaurs,No,11.050382896831257,5.0,4.0,5.0,5.0
10477,29,3,yes,Weekly,Entertainment,Farm,No,12.644627573329384,4.0,3.0,4.0,4.0
10478,68,3,no,Quarterly,Family Time,Dinosaurs,No,0.0,4.0,2.0,4.0,4.0
10479,40,1,no,First visit,Special Event,Dinosaurs,No,38.87100551644206,4.0,1.0,4.0,5.0
10480,32,3,yes,First visit,Special Event,Garden,No,28.15071279579174,4.0,4.0,4.0,4.0
10481,45,4,no,First visit,Entertainment,Dinosaurs,Yes,29.462338262579678,4.0,4.0,4.0,3.0
10482,51,2,no,Quarterly,Family Time,Events,No,10.41832946337477,4.0,3.0,5.0,4.0
10483,19,4,no,Quarterly,Education,Curiosity Museum,No,0.0,3.0,2.0,2.0,3.0
10484,49,1,yes,Monthly,Nature,Garden,No,44.29376073734266,3.0,4.0,3.0,3.0
10485,40,6,no,First visit,Nature,Curiosity Museum,No,14.083537379911977,3.0,3.0,2.0,3.0
10486,39,2,no,Rarely,Entertainment,Curiosity Museum,Yes,3.768003059699194,4.0,4.0,4.0,4.0
10487,68,3,no,Rarely,Family Time,Farm,No,21.25202361724671,3.0,5.0,3.0,4.0
10488,42,1,yes,Quarterly,Family Time,Farm,No,32.506811820049464,4.0,1.0,5.0,4.0
10489,39,4,no,Quarterly,Special Event,Garden,No,14.654241658718007,4.0,3.0,3.0,4.0
10490,39,6,no,Quarterly,Education,Farm,Yes,34.17862751909062,4.0,4.0,4.0,4.0
10491,66,4,no,Quarterly,Exhibits,Farm,Yes,31.24499907775303,5.0,5.0,5.0,5.0
10492,69,3,no,First visit,Family Time,Farm,Yes,0.0,4.0,2.0,4.0,4.0
10493,59,5,yes,Quarterly,Exhibits,Curiosity Museum,No,4.893148415107854,3.0,5.0,3.0,3.0
10494,23,5,no,First visit,Nature,Garden,Yes,29.36305744919651,4.0,4.0,4.0,4.0
10495,32,3,yes,Quarterly,Exhibits,Curiosity Museum,Yes,0.0,4.0,4.0,4.0,3.0
10496,71,5,no,Rarely,Education,Events,No,12.758164602525168,2.0,3.0,3.0,2.0
10497,60,6,yes,Rarely,Education,Curiosity Museum,Yes,0.0,5.0,3.0,5.0,5.0
10498,54,3,no,Monthly,Exhibits,Events,No,7.85169297849713,4.0,4.0,4.0,5.0
10499,50,5,no,Monthly,Entertainment,Dinosaurs,Yes,10.517698664561937,4.0,3.0,4.0,4.0
10500,25,5,no,Quarterly,Family Time,Dinosaurs,No,9.62633433138738,4.0,3.0,3.0,4.0
10501,70,4,yes,Rarely,Entertainment,Events,No,6.716081218310872,3.0,3.0,3.0,2.0
10502,61,1,no,Quarterly,Exhibits,Events,No,0.0,4.0,3.0,4.0,4.0
10503,61,1,yes,Rarely,Family Time,Curiosity Museum,No,49.37866900228029,3.0,5.0,4.0,4.0
10504,22,6,no,Monthly,Special Event,Events,Yes,43.01193006242026,4.0,4.0,4.0,4.0
10505,56,8,no,Rarely,Entertainment,Garden,Yes,0.0,3.0,4.0,3.0,4.0
10506,21,5,yes,Weekly,Entertainment,Dinosaurs,Yes,38.73175126955351,5.0,5.0,4.0,5.0
10507,23,4,no,Monthly,Exhibits,Dinosaurs,No,9.008017642907207,3.0,2.0,3.0,3.0
10508,62,5,no,Quarterly,Nature,Events,No,16.937812099975655,4.0,5.0,4.0,4.0
10509,49,4,yes,First visit,Exhibits,Farm,No,14.050890601546262,2.0,1.0,1.0,2.0
10510,69,4,no,First visit,Entertainment,Farm,No,5.103770381190513,4.0,3.0,4.0,4.0
10511,47,1,no,Monthly,Family Time,Events,Yes,29.7577851540922,4.0,3.0,4.0,4.0
10512,64,6,no,First visit,Nature,Garden,No,16.88829795864987,4.0,4.0,4.0,4.0
10513,52,4,yes,Monthly,Exhibits,Farm,No,7.85172865171138,3.0,3.0,3.0,3.0
10514,72,6,no,Rarely,Exhibits,Events,Yes,0.0,4.0,4.0,5.0,4.0
10515,57,3,no,Rarely,Entertainment,Garden,No,1.5960747942131936,5.0,3.0,5.0,5.0
10516,69,1,no,Monthly,Entertainment,Garden,Yes,0.0,3.0,3.0,3.0,3.0
10517,33,3,no,Quarterly,Special Event,Curiosity Museum,No,15.183353226227542,4.0,2.0,4.0,4.0
10518,30,4,no,Quarterly,Exhibits,Garden,No,0.0,3.0,4.0,3.0,3.0
10519,67,6,yes,Quarterly,Entertainment,Farm,Yes,11.016592312221881,4.0,4.0,3.0,3.0
10520,59,2,yes,Rarely,Education,Farm,No,35.55152780415556,3.0,4.0,4.0,4.0
10521,47,6,no,Quarterly,Nature,Events,Yes,32.98949359382378,3.0,3.0,3.0,3.0
10522,36,4,yes,First visit,Education,Events,No,14.515846588460732,3.0,4.0,3.0,2.0
10523,34,6,no,Monthly,Nature,Garden,No,13.693729107852752,3.0,3.0,3.0,3.0
10524,73,3,no,Monthly,Exhibits,Dinosaurs,Yes,43.19811824131512,4.0,5.0,4.0,4.0
10525,36,6,yes,First visit,Special Event,Curiosity Museum,No,22.811341805380668,2.0,4.0,2.0,2.0
10526,45,5,yes,Quarterly,Entertainment,Dinosaurs,No,10.082903101852157,4.0,3.0,3.0,5.0
10527,72,3,yes,Quarterly,Entertainment,Garden,Yes,0.0,4.0,4.0,3.0,4.0
10528,43,2,no,First visit,Entertainment,Garden,Yes,20.90809827247115,3.0,5.0,3.0,2.0
10529,54,6,no,Weekly,Exhibits,Dinosaurs,No,27.439856588742934,4.0,4.0,4.0,4.0
10530,43,7,no,First visit,Nature,Curiosity Museum,No,5.525227132295341,2.0,3.0,2.0,2.0
10531,70,1,yes,First visit,Entertainment,Dinosaurs,Yes,19.36804132707049,4.0,3.0,3.0,4.0
10532,40,5,yes,Rarely,Education,Events,Yes,9.54640057627456,3.0,4.0,3.0,3.0
10533,26,6,no,Rarely,Entertainment,Farm,Yes,12.23951401201496,4.0,5.0,4.0,3.0
10534,29,6,yes,Quarterly,Exhibits,Events,No,0.0,3.0,4.0,3.0,3.0
10535,70,7,no,Quarterly,Special Event,Farm,Yes,11.673278944257968,3.0,3.0,4.0,3.0
10536,18,5,no,Quarterly,Education,Garden,Yes,29.540539536120814,4.0,3.0,5.0,4.0
10537,18,4,no,Quarterly,Entertainment,Curiosity Museum,No,5.528961666501627,3.0,4.0,4.0,3.0
10538,64,3,no,First visit,Entertainment,Dinosaurs,No,15.787895523229745,3.0,2.0,4.0,3.0
10539,51,3,no,Rarely,Family Time,Curiosity Museum,Yes,3.6607393996211934,3.0,4.0,3.0,3.0
10540,49,5,no,First visit,Nature,Dinosaurs,No,20.406625144391594,4.0,3.0,3.0,4.0
10541,71,5,no,First visit,Education,Events,No,11.752152036957396,5.0,4.0,4.0,5.0
10542,65,3,yes,Quarterly,Family Time,Events,Yes,0.9113768897698976,5.0,3.0,5.0,4.0
10543,42,6,no,First visit,Special Event,Dinosaurs,Yes,34.988272014976914,4.0,5.0,4.0,4.0
10544,57,5,yes,First visit,Nature,Curiosity Museum,No,28.933980202983225,4.0,3.0,3.0,5.0
10545,62,4,yes,First visit,Education,Dinosaurs,Yes,5.926398541077378,3.0,4.0,3.0,3.0
10546,70,4,no,Monthly,Entertainment,Garden,No,22.466824641266662,5.0,2.0,5.0,5.0
10547,18,4,no,Monthly,Education,Events,No,23.06118004230571,4.0,1.0,4.0,5.0
10548,33,3,no,Quarterly,Entertainment,Garden,Yes,24.63451852516764,3.0,4.0,3.0,3.0
10549,56,3,no,Monthly,Nature,Events,Yes,0.0,5.0,4.0,5.0,5.0
10550,22,1,no,Quarterly,Entertainment,Events,No,30.09909811548942,3.0,2.0,3.0,4.0
10551,39,3,yes,Quarterly,Special Event,Farm,No,6.454515556114028,3.0,2.0,3.0,4.0
10552,46,4,yes,First visit,Exhibits,Garden,No,9.632580998380996,4.0,4.0,4.0,3.0
10553,72,4,no,Quarterly,Entertainment,Garden,No,54.568226283903,3.0,4.0,3.0,3.0
10554,20,1,no,Quarterly,Special Event,Farm,Yes,19.528100710815178,4.0,4.0,4.0,4.0
10555,29,5,no,Quarterly,Exhibits,Curiosity Museum,No,9.205162868292367,3.0,4.0,3.0,3.0
10556,43,3,no,Quarterly,Nature,Garden,No,0.0,3.0,2.0,3.0,3.0
10557,33,6,yes,Rarely,Nature,Dinosaurs,No,35.846462009195335,3.0,3.0,3.0,3.0
10558,68,7,no,Quarterly,Education,Farm,Yes,0.0,4.0,5.0,4.0,4.0
10559,54,3,no,Monthly,Special Event,Garden,Yes,0.0,3.0,4.0,4.0,3.0
10560,39,4,yes,Rarely,Special Event,Curiosity Museum,No,10.029715513682262,3.0,3.0,4.0,3.0
10561,74,1,no,Quarterly,Family Time,Garden,No,36.24617687550439,3.0,5.0,3.0,2.0
10562,46,4,no,Rarely,Family Time,Events,Yes,26.59859979998639,4.0,3.0,4.0,4.0
10563,31,5,yes,Quarterly,Exhibits,Dinosaurs,Yes,12.632437352396101,3.0,4.0,3.0,2.0
10564,45,3,no,Quarterly,Exhibits,Farm,No,19.624380954582314,3.0,5.0,2.0,4.0
10565,22,4,no,First visit,Family Time,Events,No,5.994214606933413,5.0,3.0,5.0,5.0
10566,64,3,yes,Quarterly,Exhibits,Curiosity Museum,Yes,17.094805343480264,3.0,4.0,3.0,3.0
10567,66,3,no,First visit,Entertainment,Events,Yes,16.10005117167205,4.0,3.0,4.0,4.0
10568,47,5,yes,Quarterly,Family Time,Events,Yes,29.531548435220294,3.0,3.0,3.0,3.0
10569,63,3,no,Rarely,Special Event,Curiosity Museum,No,29.507671836584244,3.0,4.0,3.0,4.0
10570,69,4,no,Quarterly,Entertainment,Events,No,22.40966073308467,4.0,4.0,4.0,4.0
10571,22,4,yes,First visit,Exhibits,Farm,No,9.564786636808465,4.0,4.0,4.0,4.0
10572,29,7,yes,Quarterly,Nature,Garden,No,26.127334415851898,3.0,4.0,2.0,2.0
10573,33,2,no,First visit,Education,Events,Yes,13.6204730069543,3.0,4.0,3.0,2.0
10574,43,4,no,Monthly,Family Time,Farm,No,0.0,4.0,4.0,5.0,4.0
10575,43,5,no,Monthly,Nature,Garden,No,8.95068312133592,3.0,3.0,3.0,3.0
10576,65,4,yes,Weekly,Exhibits,Garden,Yes,16.267904756764867,5.0,5.0,5.0,5.0
10577,38,7,no,Quarterly,Special Event,Events,Yes,28.65323675497118,2.0,4.0,3.0,2.0
10578,56,5,no,Quarterly,Education,Farm,No,12.247077417642704,4.0,4.0,3.0,3.0
10579,53,5,no,First visit,Nature,Events,No,0.0,5.0,4.0,4.0,4.0
10580,50,5,yes,First visit,Education,Curiosity Museum,Yes,15.851125249452291,4.0,3.0,5.0,5.0
10581,47,7,no,Rarely,Family Time,Garden,No,16.701840600848286,3.0,2.0,3.0,3.0
10582,54,6,no,Quarterly,Exhibits,Events,No,17.787564433541295,4.0,3.0,4.0,5.0
10583,40,5,no,Monthly,Special Event,Garden,Yes,28.798072739316453,3.0,2.0,3.0,3.0
10584,27,5,no,First visit,Exhibits,Farm,Yes,30.283848601348478,4.0,4.0,4.0,4.0
10585,71,2,yes,Monthly,Education,Dinosaurs,Yes,6.086836914275001,4.0,4.0,5.0,5.0
10586,22,2,no,Quarterly,Nature,Events,No,5.757848129265849,3.0,3.0,2.0,3.0
10587,53,4,no,Quarterly,Family Time,Events,Yes,0.0,5.0,3.0,5.0,5.0
10588,51,1,yes,First visit,Family Time,Garden,Yes,25.482235054207145,4.0,5.0,4.0,4.0
10589,69,4,no,First visit,Exhibits,Farm,No,36.73230162506573,4.0,5.0,4.0,3.0
10590,48,3,no,Quarterly,Nature,Curiosity Museum,No,10.27377108136615,4.0,3.0,3.0,5.0
10591,27,3,yes,Quarterly,Nature,Farm,Yes,11.378541529125103,4.0,4.0,5.0,4.0
10592,36,5,no,First visit,Education,Events,No,37.00173835348465,3.0,3.0,3.0,3.0
10593,49,6,no,Quarterly,Exhibits,Curiosity Museum,No,22.583367798225115,3.0,4.0,3.0,3.0
10594,18,1,no,Monthly,Exhibits,Farm,No,21.543535572015827,4.0,3.0,4.0,4.0
10595,73,4,yes,Quarterly,Entertainment,Dinosaurs,No,0.0,3.0,3.0,3.0,3.0
10596,22,6,no,Monthly,Exhibits,Garden,Yes,25.180921039191286,3.0,5.0,3.0,3.0
10597,62,1,no,Rarely,Family Time,Farm,No,1.0629548923536265,3.0,5.0,3.0,2.0
10598,21,6,yes,First visit,Education,Farm,No,0.0,5.0,2.0,5.0,5.0
10599,33,4,no,Quarterly,Nature,Dinosaurs,No,9.798426348499317,2.0,3.0,3.0,2.0
10600,41,3,no,Rarely,Exhibits,Events,No,6.213109148269647,3.0,2.0,3.0,3.0
10601,33,7,no,First visit,Education,Garden,No,11.67600458422441,5.0,4.0,5.0,5.0
10602,72,3,no,First visit,Exhibits,Farm,Yes,0.0,4.0,3.0,4.0,4.0
10603,19,5,no,Rarely,Nature,Curiosity Museum,No,29.382244597015088,4.0,2.0,3.0,4.0
10604,66,6,no,First visit,Special Event,Farm,No,31.915294417746434,4.0,4.0,4.0,4.0
10605,45,1,no,First visit,Nature,Garden,No,0.0,3.0,5.0,3.0,3.0
10606,49,5,no,First visit,Nature,Farm,Yes,29.676867084998253,2.0,4.0,1.0,1.0
10607,44,7,no,First visit,Nature,Dinosaurs,No,2.8420705526756054,4.0,3.0,4.0,4.0
10608,37,2,no,Quarterly,Exhibits,Farm,No,27.85463305474179,3.0,4.0,4.0,3.0
10609,41,6,no,Quarterly,Entertainment,Farm,Yes,13.973302610003765,3.0,5.0,4.0,3.0
10610,29,4,no,Quarterly,Nature,Curiosity Museum,No,15.431633461214979,3.0,3.0,4.0,2.0
10611,67,5,no,First visit,Family Time,Dinosaurs,No,12.22353525868172,5.0,3.0,5.0,5.0
10612,52,5,no,First visit,Family Time,Dinosaurs,No,33.181938063502294,5.0,3.0,5.0,5.0
10613,50,3,no,Quarterly,Education,Farm,No,0.0,4.0,2.0,4.0,4.0
10614,50,6,no,Quarterly,Entertainment,Curiosity Museum,No,24.11760508102513,3.0,3.0,3.0,3.0
10615,68,6,yes,Rarely,Education,Farm,Yes,31.519952473343256,3.0,5.0,3.0,3.0
10616,60,5,yes,Rarely,Family Time,Farm,No,25.74510120810616,4.0,4.0,4.0,4.0
10617,54,5,no,Monthly,Family Time,Garden,No,49.87048371485126,5.0,4.0,5.0,5.0
10618,29,5,yes,First visit,Special Event,Garden,No,7.065798559129517,3.0,3.0,3.0,3.0
10619,20,4,yes,Rarely,Nature,Curiosity Museum,No,29.359572338902968,2.0,4.0,2.0,3.0
10620,18,5,yes,Quarterly,Family Time,Events,No,13.408640469878694,4.0,3.0,4.0,4.0
10621,50,4,yes,Rarely,Exhibits,Garden,Yes,33.50109114529004,4.0,4.0,3.0,4.0
10622,57,4,yes,First visit,Exhibits,Events,No,14.884665064179458,2.0,3.0,2.0,2.0
10623,27,5,no,Rarely,Education,Dinosaurs,Yes,9.181863272062957,4.0,4.0,3.0,4.0
10624,60,4,yes,Quarterly,Education,Garden,Yes,34.59108305807444,4.0,4.0,5.0,4.0
10625,61,1,no,First visit,Nature,Garden,Yes,7.626570914716051,4.0,4.0,4.0,5.0
10626,46,3,no,First visit,Nature,Curiosity Museum,No,0.0,3.0,3.0,3.0,3.0
10627,30,4,no,First visit,Special Event,Events,Yes,7.247296752392575,4.0,5.0,4.0,3.0
10628,29,5,yes,Quarterly,Entertainment,Garden,Yes,24.285494198827983,3.0,5.0,3.0,2.0
10629,48,4,no,First visit,Education,Garden,Yes,35.88058127380637,3.0,4.0,3.0,3.0
10630,63,5,no,Weekly,Nature,Curiosity Museum,Yes,16.66694062944768,2.0,4.0,2.0,2.0
10631,19,4,no,Rarely,Education,Curiosity Museum,No,34.77295600851038,4.0,3.0,4.0,3.0
10632,68,5,no,Weekly,Nature,Events,No,0.0,4.0,3.0,4.0,4.0
10633,67,3,no,Monthly,Family Time,Dinosaurs,Yes,8.351048027731457,4.0,4.0,5.0,4.0
10634,52,4,yes,Rarely,Education,Dinosaurs,No,10.671373242688482,3.0,2.0,3.0,4.0
10635,40,5,no,First visit,Family Time,Farm,No,13.281608587912196,3.0,2.0,3.0,3.0
10636,34,6,no,First visit,Education,Garden,No,16.261415823752955,3.0,3.0,3.0,2.0
10637,43,4,no,First visit,Entertainment,Events,Yes,25.363664360882893,3.0,4.0,3.0,3.0
10638,25,1,no,Quarterly,Special Event,Garden,No,8.327897427442647,2.0,3.0,2.0,1.0
10639,46,3,yes,First visit,Exhibits,Events,Yes,17.085430304296885,3.0,5.0,2.0,3.0
10640,43,1,no,First visit,Exhibits,Events,Yes,14.323156645139225,4.0,3.0,3.0,4.0
10641,27,5,yes,Rarely,Exhibits,Events,Yes,1.1116514416327516,4.0,3.0,4.0,3.0
10642,43,3,yes,Monthly,Family Time,Garden,No,13.29499966377847,3.0,4.0,4.0,4.0
10643,51,4,yes,First visit,Nature,Curiosity Museum,Yes,12.845107051543227,4.0,4.0,5.0,3.0
10644,68,4,yes,First visit,Exhibits,Garden,Yes,12.523791524954309,5.0,5.0,5.0,5.0
10645,58,1,no,First visit,Entertainment,Events,Yes,15.47639184872176,4.0,5.0,4.0,5.0
10646,24,4,yes,Monthly,Exhibits,Farm,No,16.13510310920079,4.0,3.0,3.0,4.0
10647,21,3,yes,Quarterly,Education,Dinosaurs,No,8.515572313390047,4.0,3.0,3.0,4.0
10648,70,4,no,First visit,Family Time,Events,Yes,34.09072100956897,3.0,4.0,3.0,3.0
10649,67,3,no,First visit,Education,Farm,No,0.0,4.0,2.0,4.0,3.0
10650,62,6,no,First visit,Education,Curiosity Museum,No,4.185448372951556,5.0,3.0,5.0,5.0
10651,28,3,no,First visit,Education,Events,No,56.69945436335334,4.0,4.0,4.0,4.0
10652,46,7,no,Monthly,Special Event,Farm,Yes,0.0,5.0,4.0,5.0,5.0
10653,73,4,yes,Quarterly,Special Event,Events,No,0.0,2.0,4.0,2.0,1.0
10654,53,6,no,Rarely,Nature,Garden,Yes,26.017151175018267,3.0,3.0,3.0,2.0
10655,42,5,no,Monthly,Family Time,Farm,No,0.0,4.0,3.0,4.0,3.0
10656,38,5,yes,First visit,Entertainment,Garden,Yes,11.470891350413416,4.0,5.0,4.0,5.0
10657,74,5,no,Quarterly,Entertainment,Garden,Yes,47.187373876147326,5.0,3.0,5.0,5.0
10658,53,4,yes,Monthly,Entertainment,Farm,Yes,0.0,4.0,4.0,4.0,4.0
10659,27,4,yes,Rarely,Education,Dinosaurs,No,0.0,3.0,3.0,3.0,3.0
10660,54,4,no,Quarterly,Special Event,Farm,Yes,0.0,4.0,5.0,4.0,5.0
10661,26,4,no,First visit,Family Time,Dinosaurs,No,28.475393525204783,2.0,4.0,1.0,3.0
10662,41,1,no,First visit,Education,Events,Yes,31.871650799787187,3.0,3.0,3.0,3.0
10663,52,4,no,First visit,Special Event,Events,No,7.311168045322367,4.0,2.0,4.0,3.0
10664,66,5,yes,Rarely,Special Event,Farm,No,25.248186060016035,4.0,4.0,4.0,5.0
10665,52,4,yes,Quarterly,Exhibits,Events,No,35.85382991267984,4.0,3.0,5.0,5.0
10666,65,5,no,Monthly,Exhibits,Curiosity Museum,No,41.81019621644738,2.0,3.0,3.0,2.0
10667,53,5,no,Quarterly,Family Time,Garden,No,11.304970782302277,3.0,4.0,3.0,2.0
10668,35,8,yes,Monthly,Family Time,Garden,Yes,0.0,3.0,4.0,3.0,3.0
10669,66,3,no,Quarterly,Family Time,Dinosaurs,No,2.686816163854699,4.0,3.0,4.0,4.0
10670,56,4,yes,First visit,Education,Events,Yes,8.597937075971135,3.0,4.0,3.0,3.0
10671,49,4,no,Rarely,Nature,Dinosaurs,No,11.115918051324142,3.0,3.0,3.0,3.0
10672,41,4,yes,First visit,Family Time,Garden,No,12.182108984869208,4.0,4.0,4.0,4.0
10673,40,6,no,Quarterly,Exhibits,Garden,Yes,31.78341896896004,3.0,3.0,3.0,2.0
10674,49,3,no,Monthly,Nature,Events,Yes,34.11642640031372,5.0,4.0,5.0,5.0
10675,54,5,yes,First visit,Education,Curiosity Museum,No,12.42489519112825,3.0,4.0,4.0,3.0
10676,29,4,no,Quarterly,Nature,Curiosity Museum,No,31.477273140777278,3.0,2.0,3.0,3.0
10677,66,5,no,Quarterly,Entertainment,Events,No,20.36492049946634,2.0,3.0,3.0,2.0
10678,72,5,yes,Quarterly,Nature,Events,No,15.967589592938575,3.0,4.0,3.0,3.0
10679,30,4,yes,Rarely,Family Time,Dinosaurs,No,28.598162356649457,3.0,4.0,2.0,3.0
10680,40,4,yes,Rarely,Education,Events,No,16.083780723568736,2.0,3.0,1.0,2.0
10681,42,4,yes,First visit,Family Time,Curiosity Museum,Yes,45.867167656466435,5.0,3.0,5.0,3.0
10682,52,1,no,First visit,Exhibits,Events,Yes,0.0,4.0,5.0,4.0,4.0
10683,58,4,no,First visit,Entertainment,Dinosaurs,No,7.272436513619734,3.0,4.0,3.0,3.0
10684,47,1,no,Quarterly,Exhibits,Dinosaurs,No,13.102216545690746,4.0,2.0,4.0,4.0
10685,34,4,yes,First visit,Family Time,Dinosaurs,No,21.591790356869858,4.0,2.0,3.0,4.0
10686,66,4,yes,Monthly,Family Time,Dinosaurs,No,34.019407306546334,3.0,3.0,3.0,2.0
10687,37,4,yes,Rarely,Family Time,Farm,Yes,14.63402149145765,3.0,4.0,3.0,4.0
10688,65,5,no,Quarterly,Special Event,Events,No,0.0,4.0,3.0,3.0,4.0
10689,42,1,no,Rarely,Entertainment,Garden,Yes,27.637708446825066,4.0,4.0,4.0,4.0
10690,39,5,yes,Quarterly,Family Time,Events,Yes,26.324381492129465,4.0,3.0,4.0,3.0
10691,30,3,no,Monthly,Family Time,Farm,No,0.0,3.0,2.0,4.0,3.0
10692,36,4,no,First visit,Exhibits,Dinosaurs,Yes,14.94293799493801,4.0,3.0,4.0,4.0
10693,66,6,no,First visit,Exhibits,Farm,No,0.0,3.0,3.0,3.0,3.0
10694,53,1,no,Quarterly,Family Time,Curiosity Museum,No,5.030233537469062,3.0,3.0,2.0,3.0
10695,29,4,no,First visit,Education,Curiosity Museum,No,1.457866095558003,5.0,2.0,5.0,5.0
10696,58,4,no,First visit,Special Event,Events,Yes,27.138970473629787,3.0,2.0,4.0,3.0
10697,36,4,no,Rarely,Exhibits,Events,Yes,16.752452612582758,3.0,3.0,2.0,2.0
10698,29,3,no,First visit,Education,Garden,Yes,0.0,3.0,5.0,3.0,4.0
10699,26,3,yes,Quarterly,Special Event,Garden,No,28.200989444360136,4.0,4.0,4.0,4.0
10700,24,6,yes,First visit,Family Time,Curiosity Museum,No,0.0,4.0,4.0,4.0,4.0
10701,45,4,yes,Monthly,Entertainment,Dinosaurs,No,19.951706857064156,3.0,3.0,3.0,3.0
10702,31,3,no,Quarterly,Nature,Farm,Yes,2.789839960626657,3.0,3.0,3.0,2.0
10703,48,4,yes,Quarterly,Nature,Garden,No,9.5148437620422,4.0,4.0,4.0,4.0
10704,69,5,no,Quarterly,Family Time,Garden,Yes,22.56406122057576,3.0,4.0,3.0,3.0
10705,36,2,no,Monthly,Exhibits,Dinosaurs,Yes,22.821740985892937,4.0,4.0,5.0,5.0
10706,64,4,no,First visit,Education,Dinosaurs,No,35.0545361033394,3.0,2.0,3.0,3.0
10707,33,4,yes,Monthly,Entertainment,Events,No,13.766194504928201,3.0,3.0,4.0,3.0
10708,70,6,no,Quarterly,Special Event,Farm,Yes,19.596762944450116,3.0,4.0,3.0,3.0
10709,22,3,no,Quarterly,Family Time,Dinosaurs,Yes,8.43394016393513,3.0,4.0,3.0,3.0
10710,52,4,no,Quarterly,Entertainment,Garden,No,17.729848239341965,3.0,4.0,3.0,4.0
10711,29,4,yes,First visit,Entertainment,Garden,Yes,21.592290720127675,4.0,4.0,4.0,4.0
10712,42,5,no,Rarely,Exhibits,Curiosity Museum,Yes,13.52535228818436,1.0,4.0,1.0,1.0
10713,69,4,yes,Quarterly,Special Event,Dinosaurs,No,0.0,3.0,3.0,2.0,3.0
10714,38,4,yes,First visit,Entertainment,Events,No,19.97206344496343,3.0,4.0,3.0,3.0
10715,53,5,no,Quarterly,Exhibits,Farm,No,20.468422160331855,5.0,3.0,5.0,5.0
10716,70,5,no,First visit,Education,Events,No,4.797397854780737,3.0,3.0,3.0,4.0
10717,40,4,no,First visit,Exhibits,Garden,No,0.0,4.0,3.0,3.0,5.0
10718,33,6,no,First visit,Education,Events,Yes,37.13818725755947,5.0,4.0,5.0,5.0
10719,74,4,no,First visit,Education,Garden,No,22.371682663416035,3.0,4.0,3.0,3.0
10720,56,4,no,Rarely,Entertainment,Garden,No,11.563784536174353,4.0,3.0,5.0,4.0
10721,62,1,yes,First visit,Exhibits,Garden,Yes,0.0,3.0,4.0,4.0,3.0
10722,70,7,no,Weekly,Education,Garden,No,2.6727775736798116,3.0,4.0,3.0,3.0
10723,59,2,yes,Quarterly,Special Event,Garden,Yes,34.53885595179347,3.0,4.0,4.0,3.0
10724,56,3,no,First visit,Entertainment,Curiosity Museum,Yes,17.064929113020693,3.0,3.0,3.0,2.0
10725,31,1,no,Quarterly,Exhibits,Events,Yes,6.741193994989405,5.0,5.0,5.0,5.0
10726,48,5,yes,Monthly,Exhibits,Curiosity Museum,No,22.64533846836984,4.0,2.0,5.0,3.0
10727,22,3,no,Quarterly,Nature,Curiosity Museum,No,2.7840271883051453,4.0,2.0,4.0,5.0
10728,52,3,no,First visit,Exhibits,Dinosaurs,No,37.512645454205675,4.0,3.0,4.0,5.0
10729,40,1,no,Monthly,Entertainment,Dinosaurs,No,35.292008023450876,2.0,4.0,1.0,2.0
10730,46,2,no,Quarterly,Special Event,Dinosaurs,Yes,8.00138893195835,4.0,3.0,4.0,4.0
10731,60,4,no,First visit,Exhibits,Farm,Yes,5.569946294537096,5.0,3.0,5.0,5.0
10732,28,5,no,First visit,Nature,Dinosaurs,Yes,0.0,3.0,3.0,3.0,3.0
10733,35,4,no,Quarterly,Entertainment,Events,Yes,0.0,4.0,3.0,4.0,4.0
10734,64,4,no,First visit,Education,Curiosity Museum,Yes,0.0,4.0,5.0,4.0,4.0
10735,29,5,no,Quarterly,Family Time,Events,No,17.02785511481079,5.0,4.0,4.0,5.0
10736,26,1,yes,Rarely,Family Time,Dinosaurs,No,10.106494433379602,3.0,3.0,3.0,3.0
10737,27,3,yes,Monthly,Education,Farm,No,0.0,3.0,3.0,3.0,2.0
10738,61,7,no,Quarterly,Exhibits,Farm,Yes,10.78253936303164,3.0,3.0,3.0,3.0
10739,34,4,no,First visit,Family Time,Curiosity Museum,No,22.580057214710227,5.0,4.0,5.0,5.0
10740,55,3,no,First visit,Family Time,Events,Yes,22.917590248733806,2.0,4.0,3.0,2.0
10741,24,4,no,Quarterly,Education,Garden,Yes,0.0,2.0,3.0,2.0,2.0
10742,63,3,yes,Quarterly,Exhibits,Events,No,13.076047792742537,4.0,4.0,4.0,5.0
10743,30,4,yes,Quarterly,Exhibits,Dinosaurs,No,0.0,3.0,3.0,3.0,3.0
10744,57,2,no,First visit,Education,Garden,Yes,28.525930457104106,4.0,4.0,4.0,4.0
10745,59,2,yes,First visit,Exhibits,Farm,No,26.76219624530248,4.0,4.0,4.0,5.0
10746,26,2,yes,First visit,Exhibits,Curiosity Museum,Yes,1.5295916051331222,3.0,3.0,3.0,3.0
10747,67,6,yes,Quarterly,Entertainment,Curiosity Museum,No,3.509321963994002,2.0,3.0,2.0,2.0
10748,44,5,no,First visit,Entertainment,Farm,No,8.080994242525392,5.0,3.0,5.0,5.0
10749,19,3,no,Rarely,Education,Dinosaurs,No,0.0,3.0,3.0,3.0,4.0
10750,22,3,yes,Quarterly,Special Event,Farm,Yes,20.03952260160865,3.0,4.0,3.0,3.0
10751,46,5,no,Monthly,Family Time,Dinosaurs,Yes,10.907331804898037,5.0,5.0,4.0,5.0
10752,54,3,no,First visit,Entertainment,Garden,No,29.55262623851789,3.0,3.0,3.0,3.0
10753,55,3,no,First visit,Family Time,Farm,No,0.0,3.0,2.0,3.0,3.0
10754,36,7,yes,Quarterly,Nature,Dinosaurs,Yes,5.713155776251026,4.0,2.0,3.0,4.0
10755,25,3,no,Quarterly,Education,Garden,No,0.0,4.0,3.0,3.0,4.0
10756,65,5,no,First visit,Special Event,Farm,No,0.0,3.0,3.0,3.0,3.0
10757,62,7,no,Monthly,Nature,Curiosity Museum,No,0.0,5.0,3.0,5.0,4.0
10758,18,4,no,Quarterly,Nature,Farm,No,29.93960518269668,2.0,3.0,1.0,2.0
10759,39,1,yes,First visit,Exhibits,Events,No,4.5260722687291155,4.0,2.0,4.0,4.0
10760,69,3,no,First visit,Nature,Farm,No,16.8626352711692,3.0,2.0,2.0,2.0
10761,34,6,no,Rarely,Education,Events,No,9.288548942072934,4.0,3.0,4.0,4.0
10762,24,6,yes,Quarterly,Entertainment,Garden,Yes,0.0,4.0,4.0,4.0,4.0
10763,42,5,no,First visit,Education,Farm,Yes,12.47549365242536,3.0,3.0,3.0,3.0
10764,62,2,yes,Quarterly,Entertainment,Garden,Yes,23.98654997795392,4.0,2.0,5.0,3.0
10765,21,5,no,Quarterly,Nature,Garden,No,0.0,4.0,4.0,3.0,4.0
10766,53,6,no,First visit,Nature,Dinosaurs,Yes,27.136691860970682,4.0,5.0,4.0,5.0
10767,23,5,no,Quarterly,Special Event,Garden,No,2.2541861778345558,3.0,3.0,3.0,3.0
10768,48,6,no,Monthly,Entertainment,Garden,Yes,7.755241108907389,3.0,3.0,4.0,3.0
10769,36,6,no,First visit,Nature,Farm,Yes,22.960246845150717,4.0,4.0,4.0,5.0
10770,61,5,no,First visit,Exhibits,Farm,No,5.04845764170768,3.0,2.0,3.0,4.0
10771,71,4,no,Rarely,Family Time,Curiosity Museum,Yes,15.563622890037983,4.0,5.0,4.0,5.0
10772,56,3,no,Monthly,Special Event,Dinosaurs,Yes,10.279637568178613,2.0,4.0,2.0,2.0
10773,44,3,no,Weekly,Education,Garden,Yes,16.94052010055728,4.0,2.0,4.0,4.0
10774,27,5,yes,Rarely,Special Event,Dinosaurs,No,0.0,3.0,3.0,3.0,3.0
10775,43,3,no,Quarterly,Family Time,Events,No,0.0,3.0,4.0,3.0,3.0
10776,36,6,no,Rarely,Entertainment,Garden,No,24.239505090702572,3.0,3.0,3.0,3.0
10777,56,8,yes,Rarely,Education,Dinosaurs,No,30.557721084735753,3.0,3.0,3.0,4.0
10778,20,5,no,First visit,Education,Curiosity Museum,No,1.3426994470271807,1.0,2.0,1.0,1.0
10779,62,1,no,First visit,Entertainment,Curiosity Museum,Yes,11.339574717432985,3.0,4.0,3.0,3.0
10780,30,3,yes,First visit,Special Event,Garden,Yes,19.420788793534523,3.0,3.0,2.0,3.0
10781,67,2,no,Quarterly,Nature,Events,No,25.39826402488056,4.0,1.0,5.0,5.0
10782,45,5,no,First visit,Special Event,Curiosity Museum,Yes,0.0,3.0,4.0,2.0,3.0
10783,37,5,no,Monthly,Family Time,Curiosity Museum,Yes,1.7093962953243431,4.0,5.0,4.0,4.0
10784,45,6,yes,First visit,Exhibits,Events,No,10.011309302251876,5.0,3.0,5.0,5.0
10785,25,4,yes,First visit,Nature,Dinosaurs,No,25.547102958540737,4.0,5.0,4.0,4.0
10786,58,6,no,Rarely,Special Event,Curiosity Museum,Yes,52.476457255822424,4.0,4.0,4.0,4.0
10787,56,6,no,Quarterly,Exhibits,Farm,Yes,11.579914097854232,3.0,4.0,3.0,3.0
10788,18,3,no,First visit,Exhibits,Curiosity Museum,No,0.0,4.0,3.0,3.0,3.0
10789,20,6,no,First visit,Entertainment,Dinosaurs,No,21.03402115801947,3.0,3.0,3.0,3.0
10790,30,4,yes,Weekly,Family Time,Dinosaurs,No,34.81493684311065,3.0,3.0,4.0,4.0
10791,45,3,no,First visit,Family Time,Garden,No,16.620211814692514,4.0,3.0,4.0,4.0
10792,74,5,yes,First visit,Family Time,Farm,No,1.4002718226856077,3.0,4.0,2.0,3.0
10793,66,3,no,Quarterly,Nature,Dinosaurs,No,29.369909122200287,5.0,2.0,4.0,5.0
10794,42,5,no,First visit,Education,Events,No,24.953184277476524,3.0,2.0,3.0,4.0
10795,73,5,no,Rarely,Nature,Farm,Yes,0.0,4.0,3.0,4.0,3.0
10796,50,4,no,Rarely,Special Event,Farm,No,20.72138426301513,5.0,5.0,5.0,4.0
10797,55,4,yes,First visit,Exhibits,Events,Yes,29.95898351488309,4.0,4.0,4.0,4.0
10798,70,4,no,First visit,Exhibits,Curiosity Museum,Yes,32.728350638383404,3.0,4.0,3.0,3.0
10799,23,4,yes,First visit,Education,Events,No,14.00326537035816,4.0,2.0,4.0,4.0
10800,61,4,no,First visit,Special Event,Events,No,9.628808307310218,4.0,4.0,4.0,4.0
10801,62,4,yes,First visit,Education,Curiosity Museum,No,33.40910733121894,4.0,3.0,5.0,4.0
10802,49,1,no,Quarterly,Exhibits,Curiosity Museum,Yes,0.0,3.0,4.0,3.0,3.0
10803,62,4,no,Rarely,Nature,Curiosity Museum,No,21.57868936381508,3.0,2.0,2.0,3.0
10804,64,3,yes,Rarely,Family Time,Curiosity Museum,No,0.0,4.0,3.0,4.0,3.0
10805,38,5,no,Monthly,Exhibits,Curiosity Museum,No,30.980644083894042,3.0,3.0,3.0,3.0
10806,33,5,no,Quarterly,Entertainment,Events,Yes,11.129317265832578,4.0,3.0,4.0,4.0
10807,71,4,no,First visit,Family Time,Garden,Yes,34.02874853471204,5.0,4.0,5.0,5.0
10808,38,4,yes,Monthly,Exhibits,Garden,No,22.371191345332907,3.0,2.0,3.0,2.0
10809,28,7,yes,First visit,Nature,Dinosaurs,Yes,0.0,3.0,4.0,3.0,3.0
10810,54,6,yes,First visit,Education,Garden,No,36.36941598115865,3.0,4.0,4.0,2.0
10811,53,6,no,Quarterly,Family Time,Garden,No,38.26867899641594,4.0,2.0,4.0,4.0
10812,52,6,no,Rarely,Nature,Events,Yes,28.234297388988235,3.0,3.0,4.0,2.0
10813,36,2,yes,Rarely,Special Event,Curiosity Museum,Yes,3.5761820244567017,4.0,4.0,4.0,4.0
10814,37,2,no,First visit,Entertainment,Curiosity Museum,Yes,10.409790684638867,4.0,4.0,4.0,3.0
10815,74,4,no,Rarely,Family Time,Events,No,17.18140826108639,4.0,3.0,4.0,4.0
10816,35,3,yes,First visit,Education,Garden,Yes,4.4443440100285,4.0,4.0,4.0,4.0
10817,64,4,no,Monthly,Special Event,Events,No,40.38519858694807,3.0,5.0,4.0,3.0
10818,58,4,yes,First visit,Nature,Dinosaurs,No,17.164897075890554,4.0,3.0,4.0,4.0
10819,66,4,yes,Monthly,Entertainment,Curiosity Museum,No,0.0,3.0,2.0,3.0,3.0
10820,31,5,no,Quarterly,Education,Farm,Yes,20.090337191343306,3.0,4.0,2.0,3.0
10821,32,5,yes,Quarterly,Nature,Dinosaurs,Yes,9.777639047740303,4.0,5.0,5.0,4.0
10822,48,4,no,Quarterly,Nature,Dinosaurs,No,13.876101658223282,5.0,4.0,5.0,5.0
10823,18,6,no,Quarterly,Family Time,Events,No,9.470709513214503,4.0,2.0,4.0,4.0
10824,70,4,no,First visit,Family Time,Garden,No,27.105696249100315,4.0,3.0,3.0,5.0
10825,71,6,no,First visit,Education,Curiosity Museum,Yes,31.79531667830072,5.0,3.0,5.0,5.0
10826,71,1,no,First visit,Exhibits,Farm,Yes,19.245797433879805,3.0,4.0,3.0,3.0
10827,20,7,no,Monthly,Exhibits,Dinosaurs,No,9.910332192927614,3.0,2.0,4.0,3.0
10828,33,5,no,Quarterly,Nature,Farm,Yes,14.379941927862447,3.0,4.0,2.0,3.0
10829,40,4,no,Rarely,Family Time,Garden,No,15.293994248664424,4.0,2.0,4.0,4.0
10830,74,3,no,First visit,Entertainment,Garden,No,2.9635494020274438,4.0,3.0,3.0,4.0
10831,28,4,no,Rarely,Entertainment,Farm,Yes,23.683929728568522,5.0,4.0,5.0,5.0
10832,29,3,yes,Quarterly,Nature,Curiosity Museum,No,21.900634857906994,4.0,3.0,3.0,4.0
10833,27,3,yes,Rarely,Family Time,Garden,No,38.1066185966501,3.0,3.0,3.0,3.0
10834,49,5,yes,Quarterly,Education,Farm,Yes,33.83024670432712,4.0,3.0,4.0,5.0
10835,33,4,no,Weekly,Education,Dinosaurs,No,4.714876236148047,4.0,4.0,3.0,3.0
10836,25,5,no,First visit,Education,Farm,Yes,27.30447561763447,3.0,4.0,3.0,3.0
10837,55,6,no,Rarely,Entertainment,Farm,Yes,0.7356992535829254,5.0,3.0,4.0,5.0
10838,29,4,no,Rarely,Family Time,Events,Yes,25.438981514112744,4.0,5.0,3.0,4.0
10839,41,4,no,First visit,Family Time,Garden,No,7.250787018598382,4.0,4.0,5.0,5.0
10840,45,1,yes,First visit,Entertainment,Curiosity Museum,No,0.0,4.0,3.0,3.0,4.0
10841,70,5,no,First visit,Education,Curiosity Museum,No,19.200680140461067,4.0,4.0,4.0,4.0
10842,25,4,no,Monthly,Education,Events,Yes,0.0,4.0,5.0,5.0,4.0
10843,45,7,no,Rarely,Nature,Curiosity Museum,No,0.0,3.0,3.0,3.0,3.0
10844,53,6,yes,Rarely,Exhibits,Farm,Yes,12.337621743385752,4.0,4.0,4.0,4.0
10845,43,4,no,Monthly,Special Event,Events,No,16.236626499522636,4.0,2.0,4.0,4.0
10846,25,2,no,Quarterly,Exhibits,Dinosaurs,No,9.460218447627167,3.0,3.0,4.0,3.0
10847,67,6,no,First visit,Family Time,Garden,Yes,0.0,5.0,4.0,4.0,5.0
10848,45,5,no,Quarterly,Family Time,Garden,Yes,2.731622367922417,4.0,4.0,4.0,5.0
10849,45,3,no,Rarely,Family Time,Garden,No,20.86813990856091,4.0,3.0,3.0,5.0
10850,54,3,yes,Quarterly,Exhibits,Farm,Yes,23.726726559425437,5.0,4.0,5.0,5.0
10851,58,5,no,Quarterly,Special Event,Dinosaurs,No,14.756653236060881,4.0,3.0,4.0,3.0
10852,53,3,no,Quarterly,Nature,Events,Yes,32.35250671555483,4.0,3.0,4.0,4.0
10853,44,6,no,First visit,Exhibits,Events,Yes,20.960955351888515,4.0,3.0,4.0,5.0
10854,71,4,no,Quarterly,Special Event,Garden,No,3.788165190626817,3.0,3.0,2.0,4.0
10855,34,1,yes,First visit,Education,Dinosaurs,No,10.792469198825739,4.0,3.0,4.0,4.0
10856,26,6,yes,First visit,Education,Dinosaurs,No,0.0,4.0,4.0,5.0,5.0
10857,50,4,no,First visit,Family Time,Dinosaurs,Yes,13.37791514412875,3.0,3.0,2.0,3.0
10858,70,4,no,First visit,Entertainment,Curiosity Museum,Yes,31.68150928832008,5.0,4.0,5.0,5.0
10859,37,2,no,First visit,Family Time,Curiosity Museum,Yes,25.279351270664517,3.0,5.0,3.0,3.0
10860,30,1,yes,Quarterly,Entertainment,Garden,No,36.03013988878683,3.0,3.0,4.0,3.0
10861,45,5,no,Monthly,Special Event,Dinosaurs,No,10.456721343015102,4.0,4.0,4.0,5.0
10862,65,4,no,First visit,Education,Dinosaurs,No,35.19149691771386,4.0,3.0,4.0,4.0
10863,46,4,no,First visit,Exhibits,Events,No,12.100436603280452,3.0,3.0,3.0,3.0
10864,30,5,yes,First visit,Entertainment,Events,Yes,37.07377623854841,4.0,4.0,4.0,4.0
10865,63,5,no,First visit,Special Event,Garden,No,14.672148788368144,5.0,4.0,4.0,5.0
10866,52,3,no,First visit,Education,Dinosaurs,No,25.60847060706415,3.0,2.0,3.0,3.0
10867,23,4,yes,Monthly,Exhibits,Garden,No,37.126685464647835,5.0,3.0,5.0,5.0
10868,35,6,no,First visit,Entertainment,Events,Yes,12.098585571281916,3.0,4.0,3.0,4.0
10869,68,5,no,Rarely,Family Time,Events,Yes,18.275834813162614,4.0,4.0,3.0,3.0
10870,22,4,no,First visit,Family Time,Curiosity Museum,No,34.332951378094535,4.0,4.0,4.0,5.0
10871,64,3,no,Monthly,Family Time,Garden,Yes,13.004952541049047,4.0,3.0,5.0,4.0
10872,42,3,yes,Quarterly,Special Event,Garden,Yes,0.0,4.0,5.0,4.0,3.0
10873,19,5,yes,Monthly,Family Time,Dinosaurs,Yes,47.145105818773644,4.0,3.0,5.0,4.0
10874,27,6,no,Quarterly,Nature,Dinosaurs,No,7.953533034942948,4.0,4.0,4.0,4.0
10875,73,5,yes,First visit,Education,Curiosity Museum,Yes,17.381340764063143,4.0,4.0,4.0,3.0
10876,47,6,no,First visit,Special Event,Farm,Yes,32.3401000417669,4.0,3.0,4.0,3.0
10877,67,5,no,Quarterly,Exhibits,Farm,Yes,5.872591444031973,4.0,4.0,4.0,4.0
10878,62,2,no,Rarely,Family Time,Farm,No,0.0,3.0,3.0,3.0,3.0
10879,22,4,no,Quarterly,Education,Garden,No,18.8060594516225,3.0,4.0,4.0,3.0
10880,72,3,no,First visit,Entertainment,Garden,No,0.0,3.0,3.0,4.0,3.0
10881,73,3,no,First visit,Family Time,Events,No,10.681408846981196,3.0,3.0,2.0,3.0
10882,50,6,no,Rarely,Education,Garden,No,18.67557996473109,4.0,4.0,4.0,4.0
10883,71,4,no,Quarterly,Nature,Garden,Yes,10.950721547622537,4.0,4.0,4.0,3.0
10884,18,4,yes,Quarterly,Entertainment,Garden,Yes,0.0,5.0,4.0,5.0,4.0
10885,35,3,no,First visit,Nature,Curiosity Museum,Yes,38.91266934306018,4.0,4.0,4.0,4.0
10886,49,3,no,Rarely,Exhibits,Garden,Yes,16.55307230923763,4.0,5.0,5.0,4.0
10887,64,3,no,First visit,Education,Dinosaurs,Yes,36.46728176642611,4.0,3.0,3.0,4.0
10888,66,3,no,First visit,Nature,Dinosaurs,No,11.099456247293329,3.0,3.0,2.0,3.0
10889,28,5,no,Rarely,Exhibits,Events,No,1.7998202746385417,3.0,4.0,3.0,3.0
10890,38,3,no,First visit,Education,Curiosity Museum,No,19.037713803827398,4.0,3.0,5.0,4.0
10891,43,5,yes,First visit,Education,Dinosaurs,No,11.763193105076706,4.0,4.0,4.0,3.0
10892,42,1,no,First visit,Nature,Curiosity Museum,Yes,0.0,3.0,5.0,3.0,3.0
10893,39,2,no,First visit,Education,Curiosity Museum,Yes,37.04676388181243,3.0,4.0,4.0,3.0
10894,44,3,no,First visit,Family Time,Events,No,5.66594665659006,3.0,2.0,3.0,2.0
10895,66,4,no,First visit,Education,Curiosity Museum,No,0.0,4.0,3.0,4.0,4.0
10896,30,5,yes,First visit,Special Event,Garden,Yes,34.922490809359985,5.0,4.0,5.0,5.0
10897,50,4,no,First visit,Exhibits,Curiosity Museum,No,7.435529762810652,3.0,4.0,3.0,3.0
10898,51,4,no,Quarterly,Education,Events,No,5.882641610765635,3.0,4.0,4.0,3.0
10899,58,5,no,First visit,Special Event,Events,No,0.0,4.0,3.0,5.0,4.0
10900,52,1,no,First visit,Education,Events,No,41.11412229895486,2.0,4.0,2.0,2.0
10901,18,3,no,First visit,Education,Dinosaurs,Yes,0.0,3.0,4.0,3.0,3.0
10902,38,6,yes,Quarterly,Nature,Garden,Yes,15.876742210584748,3.0,5.0,3.0,3.0
10903,65,5,no,Monthly,Family Time,Dinosaurs,No,28.689304838106608,3.0,4.0,4.0,3.0
10904,72,3,no,Quarterly,Exhibits,Farm,Yes,21.325753995046455,4.0,2.0,4.0,3.0
10905,23,6,yes,Quarterly,Family Time,Garden,No,14.105185320117126,3.0,3.0,3.0,3.0
10906,45,5,yes,Rarely,Entertainment,Curiosity Museum,No,0.0,3.0,2.0,4.0,3.0
10907,34,3,yes,Quarterly,Nature,Events,Yes,2.854127463490741,4.0,4.0,5.0,4.0
10908,22,5,yes,Quarterly,Nature,Farm,No,17.81700507063783,5.0,4.0,4.0,5.0
10909,48,4,no,First visit,Family Time,Garden,No,3.192388950195055,5.0,3.0,5.0,5.0
10910,22,4,no,First visit,Nature,Dinosaurs,Yes,18.050391899981516,2.0,5.0,2.0,3.0
10911,55,4,no,First visit,Family Time,Events,No,25.226151132227127,4.0,3.0,4.0,4.0
10912,20,3,no,Monthly,Nature,Dinosaurs,No,29.437543287001525,3.0,2.0,4.0,2.0
10913,70,5,no,Rarely,Education,Garden,No,0.0,4.0,1.0,4.0,4.0
10914,40,4,no,Quarterly,Family Time,Garden,Yes,47.94969082468431,3.0,4.0,3.0,3.0
10915,54,6,no,First visit,Family Time,Farm,No,26.51219016831196,4.0,3.0,3.0,4.0
10916,70,5,no,Rarely,Special Event,Curiosity Museum,No,14.97428769496404,4.0,2.0,4.0,4.0
10917,54,1,no,First visit,Nature,Dinosaurs,Yes,31.34304874614961,3.0,2.0,3.0,3.0
10918,27,5,no,First visit,Nature,Farm,Yes,50.4811165799996,3.0,3.0,2.0,3.0
10919,27,3,yes,Quarterly,Family Time,Events,No,0.0,3.0,3.0,4.0,3.0
10920,36,4,yes,Quarterly,Education,Curiosity Museum,Yes,11.621060362629695,4.0,4.0,4.0,4.0
10921,34,5,no,First visit,Education,Farm,No,0.0,4.0,3.0,5.0,4.0
10922,38,3,no,Quarterly,Exhibits,Dinosaurs,No,17.88977298972037,4.0,4.0,4.0,4.0
10923,31,4,no,First visit,Education,Garden,No,20.48091362887711,3.0,2.0,2.0,3.0
10924,26,3,no,Weekly,Nature,Events,Yes,14.412568268358608,4.0,5.0,4.0,4.0
10925,63,1,no,First visit,Special Event,Dinosaurs,No,5.181996435025352,4.0,3.0,5.0,3.0
10926,18,4,no,First visit,Family Time,Curiosity Museum,Yes,0.0,5.0,4.0,5.0,5.0
10927,68,4,no,First visit,Entertainment,Curiosity Museum,No,20.60300525117653,3.0,3.0,3.0,1.0
10928,62,8,no,First visit,Special Event,Garden,No,36.831517258729875,3.0,4.0,3.0,3.0
10929,30,4,no,First visit,Entertainment,Garden,No,6.13472316399852,4.0,3.0,4.0,4.0
10930,21,3,no,Quarterly,Special Event,Events,No,21.600898935347175,3.0,3.0,3.0,3.0
10931,18,4,no,Monthly,Education,Events,No,0.0,3.0,3.0,4.0,3.0
10932,66,1,yes,Quarterly,Nature,Garden,Yes,21.858195955387707,4.0,4.0,3.0,4.0
10933,57,7,no,First visit,Entertainment,Garden,No,9.099265533830144,4.0,4.0,4.0,3.0
10934,49,5,yes,Rarely,Special Event,Curiosity Museum,No,3.563730740956284,3.0,2.0,2.0,3.0
10935,51,5,no,First visit,Nature,Garden,Yes,3.594545381758042,4.0,4.0,3.0,3.0
10936,45,3,no,First visit,Entertainment,Farm,Yes,9.095826269504851,3.0,4.0,3.0,2.0
10937,48,4,yes,Quarterly,Family Time,Dinosaurs,No,20.73649973538803,4.0,3.0,5.0,4.0
10938,25,4,yes,Rarely,Special Event,Garden,Yes,0.0,4.0,5.0,4.0,5.0
10939,56,6,no,First visit,Family Time,Events,No,9.043270026482208,3.0,4.0,2.0,3.0
10940,43,1,no,First visit,Education,Farm,No,14.377923330012784,3.0,3.0,3.0,3.0
10941,51,3,yes,Weekly,Family Time,Events,Yes,0.0,4.0,4.0,5.0,4.0
10942,71,7,no,First visit,Family Time,Farm,No,41.949978025125255,3.0,3.0,3.0,3.0
10943,71,4,yes,Rarely,Exhibits,Garden,Yes,2.1975677990798763,4.0,4.0,4.0,4.0
10944,20,4,no,Rarely,Special Event,Dinosaurs,No,4.958446295497644,3.0,2.0,3.0,3.0
10945,67,2,no,First visit,Education,Events,No,0.3253807526625313,5.0,3.0,5.0,4.0
10946,29,7,no,First visit,Family Time,Farm,No,41.97720130707176,5.0,2.0,5.0,5.0
10947,18,1,no,Rarely,Nature,Curiosity Museum,No,23.293578428992223,3.0,4.0,2.0,3.0
10948,71,5,no,Quarterly,Entertainment,Garden,No,0.9511199063453679,4.0,3.0,4.0,4.0
10949,61,5,no,Rarely,Family Time,Dinosaurs,No,31.593473382899532,3.0,3.0,3.0,3.0
10950,22,3,yes,Quarterly,Education,Garden,Yes,18.010480414333173,4.0,5.0,4.0,3.0
10951,47,5,yes,Weekly,Family Time,Curiosity Museum,Yes,18.858801316672526,5.0,4.0,5.0,5.0
10952,47,1,yes,Quarterly,Entertainment,Dinosaurs,No,9.832841868713206,3.0,2.0,3.0,3.0
10953,74,3,no,Rarely,Education,Curiosity Museum,No,3.7587601956454004,4.0,3.0,4.0,3.0
10954,34,5,yes,Rarely,Special Event,Garden,No,20.06649148581902,4.0,3.0,4.0,3.0
10955,65,6,no,Quarterly,Education,Farm,No,6.823691550066145,3.0,2.0,3.0,4.0
10956,64,5,no,Quarterly,Special Event,Garden,Yes,42.25133444362657,3.0,3.0,2.0,3.0
10957,40,4,no,Rarely,Education,Garden,No,0.0,3.0,3.0,3.0,4.0
10958,32,3,no,Quarterly,Entertainment,Garden,No,38.042351592824176,3.0,3.0,3.0,3.0
10959,54,1,no,First visit,Entertainment,Events,Yes,13.330217268032989,2.0,3.0,2.0,2.0
10960,38,2,no,Rarely,Education,Curiosity Museum,Yes,19.48628601031659,4.0,5.0,4.0,4.0
10961,31,3,no,First visit,Family Time,Curiosity Museum,No,27.49736649944152,5.0,3.0,5.0,5.0
10962,19,3,no,First visit,Entertainment,Curiosity Museum,Yes,5.546260574933456,4.0,4.0,4.0,4.0
10963,28,4,no,First visit,Special Event,Events,Yes,27.963725770479545,3.0,4.0,3.0,3.0
10964,68,3,yes,Quarterly,Special Event,Farm,Yes,0.0,3.0,3.0,3.0,2.0
10965,56,3,no,Rarely,Nature,Garden,No,4.200157001670913,3.0,4.0,3.0,5.0
10966,55,4,no,First visit,Exhibits,Farm,No,1.1390578898840191,3.0,3.0,3.0,3.0
10967,51,6,yes,Rarely,Exhibits,Events,No,0.0,4.0,2.0,4.0,4.0
10968,55,3,no,Rarely,Exhibits,Curiosity Museum,No,11.775677428815733,4.0,4.0,4.0,4.0
10969,67,6,yes,First visit,Special Event,Garden,Yes,20.786249522725424,3.0,5.0,3.0,3.0
10970,51,6,no,Quarterly,Nature,Dinosaurs,No,25.539899977489586,4.0,4.0,4.0,4.0
10971,35,3,yes,Quarterly,Exhibits,Dinosaurs,Yes,18.613151358006114,5.0,5.0,5.0,5.0
10972,47,5,no,Quarterly,Exhibits,Farm,Yes,5.0145980265967935,5.0,3.0,5.0,5.0
10973,32,4,no,Quarterly,Education,Curiosity Museum,No,20.535246567377506,5.0,2.0,5.0,4.0
10974,44,4,no,Rarely,Education,Dinosaurs,No,16.864285422762762,3.0,4.0,3.0,3.0
10975,68,4,no,First visit,Education,Farm,Yes,29.040842519040243,5.0,5.0,5.0,5.0
10976,51,4,yes,First visit,Family Time,Events,Yes,26.65405054397275,4.0,5.0,4.0,5.0
10977,69,4,no,First visit,Exhibits,Farm,No,15.457146208809434,3.0,3.0,3.0,4.0
10978,74,4,yes,Weekly,Family Time,Farm,Yes,1.541204907581148,4.0,3.0,4.0,4.0
10979,55,5,no,First visit,Nature,Farm,Yes,5.205747662518788,3.0,3.0,3.0,2.0
10980,50,5,no,First visit,Special Event,Garden,Yes,6.7531596054295004,4.0,2.0,5.0,3.0
10981,41,4,no,Monthly,Exhibits,Farm,Yes,10.271004991256163,3.0,4.0,3.0,3.0
10982,32,5,no,Monthly,Special Event,Farm,No,19.0207564138463,3.0,4.0,3.0,3.0
10983,47,2,no,Quarterly,Education,Garden,Yes,25.727615851920877,5.0,4.0,5.0,5.0
10984,72,3,no,First visit,Exhibits,Garden,Yes,14.233219604769335,4.0,4.0,4.0,4.0
10985,59,6,no,First visit,Entertainment,Events,No,15.241871818507088,4.0,4.0,4.0,4.0
10986,68,3,no,Rarely,Family Time,Curiosity Museum,No,17.14959457500007,4.0,3.0,4.0,4.0
10987,34,1,yes,First visit,Family Time,Dinosaurs,Yes,7.2614203030149,5.0,5.0,5.0,4.0
10988,22,3,yes,First visit,Exhibits,Dinosaurs,Yes,1.119116135355659,3.0,5.0,3.0,2.0
10989,46,3,yes,Rarely,Education,Farm,Yes,0.0,4.0,4.0,4.0,4.0
10990,21,7,no,Monthly,Family Time,Events,No,4.572759628846914,3.0,3.0,3.0,4.0
10991,27,4,yes,First visit,Education,Farm,No,22.097181799016806,4.0,4.0,4.0,4.0
10992,73,6,no,Quarterly,Nature,Dinosaurs,No,4.456328429406488,4.0,3.0,3.0,4.0
10993,34,4,no,Quarterly,Special Event,Garden,No,11.432894438610905,3.0,2.0,3.0,3.0
10994,27,4,yes,First visit,Entertainment,Curiosity Museum,No,21.996469311184754,3.0,4.0,3.0,4.0
10995,34,3,no,Quarterly,Special Event,Events,No,22.81034244634003,2.0,4.0,2.0,3.0
10996,37,5,no,First visit,Special Event,Garden,No,0.0,3.0,3.0,3.0,3.0
10997,41,2,yes,First visit,Nature,Curiosity Museum,Yes,29.955890346804622,5.0,3.0,4.0,5.0
10998,22,6,no,Quarterly,Family Time,Events,No,31.91025134033228,3.0,2.0,4.0,3.0
10999,51,6,yes,First visit,Entertainment,Events,Yes,0.0,3.0,4.0,4.0,3.0
11000,23,3,no,Weekly,Family Time,Dinosaurs,Yes,2.642446955382687,3.0,3.0,3.0,3.0
11001,70,7,no,First visit,Exhibits,Garden,No,32.86636024719287,2.0,3.0,3.0,2.0
11002,19,6,no,Quarterly,Special Event,Events,Yes,12.797197181170487,3.0,5.0,3.0,3.0
11003,30,5,no,Rarely,Exhibits,Events,No,0.0,4.0,4.0,5.0,4.0
11004,60,2,no,First visit,Education,Curiosity Museum,No,0.0,3.0,4.0,3.0,4.0
11005,60,4,no,First visit,Special Event,Dinosaurs,No,11.259455622412782,4.0,2.0,4.0,5.0
11006,65,4,yes,Quarterly,Family Time,Farm,No,0.0,3.0,3.0,2.0,3.0
11007,28,3,yes,Quarterly,Special Event,Dinosaurs,Yes,8.798643440453379,4.0,4.0,4.0,5.0
11008,68,1,no,Quarterly,Education,Farm,No,15.485943205253681,3.0,4.0,3.0,3.0
11009,64,5,no,Rarely,Nature,Garden,No,36.93381906052093,4.0,4.0,4.0,5.0
11010,74,2,no,Quarterly,Exhibits,Garden,No,10.643191256583165,4.0,4.0,4.0,5.0
11011,40,4,no,Quarterly,Exhibits,Events,No,31.088126993591384,4.0,5.0,4.0,5.0
11012,72,6,no,Quarterly,Family Time,Garden,Yes,36.43140243055156,4.0,4.0,4.0,4.0
11013,33,6,yes,Rarely,Special Event,Events,No,36.51464504028114,3.0,4.0,3.0,3.0
11014,48,3,no,Quarterly,Family Time,Dinosaurs,Yes,19.271318900783523,4.0,4.0,4.0,3.0
11015,28,6,no,Quarterly,Nature,Garden,No,0.0,3.0,3.0,3.0,3.0
11016,71,1,yes,Rarely,Special Event,Dinosaurs,Yes,21.91237298105798,4.0,5.0,4.0,5.0
11017,33,1,yes,Quarterly,Special Event,Dinosaurs,No,30.725998317203114,3.0,4.0,4.0,3.0
11018,25,5,yes,Quarterly,Family Time,Garden,Yes,13.783993418468743,3.0,4.0,2.0,3.0
11019,21,4,no,First visit,Family Time,Dinosaurs,Yes,41.168758051128734,3.0,4.0,4.0,3.0
11020,57,4,no,First visit,Education,Garden,No,27.897503422011866,4.0,4.0,5.0,4.0
11021,21,4,yes,Rarely,Nature,Garden,No,23.524100657291765,4.0,1.0,4.0,5.0
11022,73,3,yes,Rarely,Education,Garden,No,31.29571066808757,4.0,2.0,4.0,3.0
11023,42,3,yes,Quarterly,Exhibits,Farm,No,20.000547768913172,3.0,4.0,4.0,2.0
11024,20,4,no,First visit,Special Event,Dinosaurs,No,0.0,4.0,3.0,4.0,4.0
11025,49,5,no,Quarterly,Family Time,Curiosity Museum,No,7.512915727944516,3.0,4.0,3.0,3.0
11026,20,5,no,Monthly,Special Event,Garden,Yes,32.957520408717805,4.0,4.0,4.0,4.0
11027,44,3,no,First visit,Special Event,Dinosaurs,No,2.8861298985255597,3.0,4.0,3.0,3.0
11028,46,4,no,Monthly,Entertainment,Events,Yes,11.647912421445913,4.0,3.0,5.0,4.0
11029,49,3,no,Weekly,Exhibits,Garden,No,0.0,4.0,4.0,4.0,4.0
11030,67,1,no,Quarterly,Entertainment,Garden,No,41.75883892802654,2.0,4.0,3.0,2.0
11031,68,5,yes,Quarterly,Special Event,Curiosity Museum,No,40.22238686127023,4.0,4.0,4.0,3.0
11032,36,3,yes,Weekly,Family Time,Farm,No,1.7419665728890603,4.0,5.0,4.0,4.0
11033,38,3,yes,Quarterly,Special Event,Farm,No,17.20947000583626,3.0,3.0,4.0,3.0
11034,22,5,yes,First visit,Exhibits,Garden,No,4.792589283539282,4.0,3.0,4.0,3.0
11035,35,5,no,Quarterly,Entertainment,Dinosaurs,Yes,24.224169585470673,4.0,3.0,4.0,4.0
11036,45,5,no,Quarterly,Family Time,Events,No,22.645246158634933,4.0,3.0,4.0,5.0
11037,59,3,yes,Quarterly,Special Event,Events,Yes,27.17558357419898,2.0,4.0,2.0,3.0
11038,39,3,no,First visit,Nature,Dinosaurs,No,19.97877671561831,5.0,4.0,5.0,5.0
11039,38,3,no,Quarterly,Exhibits,Garden,Yes,59.03109309582702,5.0,3.0,5.0,5.0
11040,23,3,yes,First visit,Exhibits,Events,Yes,0.0,4.0,4.0,3.0,5.0
11041,18,5,no,Monthly,Nature,Farm,Yes,0.0,2.0,4.0,2.0,2.0
11042,22,6,no,First visit,Special Event,Dinosaurs,No,9.103646989478078,4.0,3.0,3.0,5.0
11043,58,5,no,First visit,Exhibits,Curiosity Museum,No,0.0,2.0,3.0,2.0,2.0
11044,29,5,yes,Rarely,Family Time,Garden,Yes,0.0,4.0,3.0,4.0,4.0
11045,43,4,yes,First visit,Special Event,Dinosaurs,No,0.0,4.0,3.0,4.0,4.0
11046,63,5,no,Quarterly,Special Event,Events,Yes,1.1671664185255881,3.0,2.0,3.0,4.0
11047,51,4,yes,Monthly,Entertainment,Garden,No,0.6807284707490979,4.0,3.0,5.0,4.0
11048,66,4,no,Quarterly,Exhibits,Farm,No,22.773284256681173,4.0,3.0,5.0,3.0
11049,31,4,no,First visit,Exhibits,Garden,No,7.407164083719958,4.0,3.0,4.0,5.0
11050,43,3,no,First visit,Nature,Garden,No,12.307281376912798,4.0,4.0,4.0,4.0
11051,62,4,no,Quarterly,Entertainment,Farm,Yes,28.413491617514023,3.0,4.0,3.0,4.0
11052,44,7,no,Monthly,Entertainment,Farm,No,3.505162128278606,4.0,3.0,4.0,4.0
11053,26,3,yes,Rarely,Exhibits,Garden,No,11.031811519429167,3.0,4.0,3.0,4.0
11054,43,2,no,Rarely,Special Event,Farm,No,20.486399791393733,3.0,4.0,3.0,4.0
11055,74,4,no,First visit,Entertainment,Dinosaurs,No,0.0,4.0,3.0,4.0,4.0
11056,64,5,no,Monthly,Nature,Farm,Yes,0.0,5.0,3.0,5.0,5.0
11057,74,4,yes,Quarterly,Entertainment,Farm,No,20.19175993196584,3.0,3.0,3.0,3.0
11058,39,5,no,First visit,Nature,Garden,No,22.380214208503478,5.0,4.0,4.0,4.0
11059,64,3,no,First visit,Entertainment,Dinosaurs,Yes,45.96330202278616,4.0,5.0,4.0,4.0
11060,73,5,yes,Monthly,Nature,Curiosity Museum,Yes,17.37142313800215,3.0,5.0,3.0,2.0
11061,47,3,yes,First visit,Entertainment,Curiosity Museum,Yes,27.296095758871424,3.0,3.0,3.0,3.0
11062,60,6,yes,First visit,Entertainment,Events,No,12.067910346210393,5.0,3.0,5.0,4.0
11063,65,5,no,Quarterly,Family Time,Farm,No,19.458408323776297,3.0,4.0,3.0,2.0
11064,34,3,yes,First visit,Nature,Farm,Yes,40.00885262624301,4.0,5.0,3.0,5.0
11065,43,1,yes,First visit,Nature,Dinosaurs,Yes,0.0,3.0,5.0,3.0,4.0
11066,53,1,no,Quarterly,Nature,Curiosity Museum,No,21.204243863575208,3.0,3.0,3.0,3.0
11067,18,4,yes,Monthly,Education,Events,No,47.033800951160494,4.0,2.0,4.0,4.0
11068,25,3,yes,Quarterly,Entertainment,Dinosaurs,Yes,19.230513288140138,3.0,3.0,3.0,3.0
11069,66,5,yes,Monthly,Nature,Farm,Yes,39.758594448492715,3.0,4.0,3.0,3.0
11070,52,4,yes,Quarterly,Exhibits,Curiosity Museum,No,5.561817757058364,4.0,3.0,5.0,4.0
11071,69,3,yes,Quarterly,Education,Events,Yes,14.519287587544298,5.0,3.0,5.0,5.0
11072,32,2,no,Rarely,Family Time,Garden,Yes,15.502870535828812,4.0,4.0,4.0,4.0
11073,64,2,yes,Quarterly,Nature,Curiosity Museum,No,0.0,3.0,4.0,3.0,3.0
11074,73,6,yes,Weekly,Nature,Events,No,0.0,3.0,2.0,3.0,3.0
11075,39,3,no,First visit,Education,Dinosaurs,Yes,0.0,4.0,5.0,4.0,4.0
11076,31,5,no,Rarely,Entertainment,Garden,Yes,27.330991170487913,4.0,3.0,4.0,4.0
11077,43,6,no,Rarely,Exhibits,Events,Yes,28.082296585260824,3.0,5.0,3.0,3.0
11078,45,5,no,First visit,Family Time,Events,Yes,19.860546640598,4.0,3.0,4.0,4.0
11079,40,6,yes,First visit,Nature,Farm,No,27.361543452835587,4.0,2.0,4.0,5.0
11080,31,4,no,Quarterly,Entertainment,Curiosity Museum,No,12.537758809173392,2.0,3.0,2.0,2.0
11081,41,7,no,Weekly,Exhibits,Farm,No,33.02897504309315,3.0,3.0,4.0,3.0
11082,19,2,no,Rarely,Exhibits,Garden,No,15.131826639481078,3.0,3.0,3.0,3.0
11083,62,2,no,First visit,Family Time,Events,No,15.867960711401347,3.0,3.0,3.0,3.0
11084,43,5,yes,First visit,Special Event,Farm,Yes,11.01611050106383,5.0,4.0,5.0,5.0
11085,31,6,no,Monthly,Exhibits,Curiosity Museum,No,25.26675716454642,4.0,3.0,4.0,4.0
11086,73,6,yes,Rarely,Special Event,Garden,No,8.682017750806303,3.0,3.0,3.0,4.0
11087,68,1,no,First visit,Exhibits,Dinosaurs,No,29.646470657971022,4.0,2.0,3.0,4.0
11088,24,3,no,Rarely,Family Time,Farm,Yes,0.0,4.0,4.0,4.0,4.0
11089,20,6,no,First visit,Education,Garden,No,0.0,4.0,3.0,5.0,4.0
11090,64,3,yes,Rarely,Family Time,Dinosaurs,No,25.311401326897563,4.0,4.0,4.0,4.0
11091,40,5,no,Monthly,Family Time,Farm,No,13.67183678125481,4.0,2.0,3.0,4.0
11092,63,6,no,Quarterly,Education,Garden,Yes,8.191628757703075,4.0,2.0,5.0,3.0
11093,60,4,no,Quarterly,Education,Garden,No,28.350865987131897,5.0,4.0,5.0,5.0
11094,64,4,no,Rarely,Entertainment,Farm,No,5.891078788708733,4.0,3.0,4.0,5.0
11095,62,4,no,Quarterly,Exhibits,Garden,No,11.996981185494452,3.0,2.0,3.0,3.0
11096,35,3,no,Quarterly,Entertainment,Events,No,35.98841925106739,5.0,2.0,5.0,5.0
11097,55,6,yes,First visit,Education,Farm,Yes,38.08713518715975,4.0,5.0,4.0,3.0
11098,52,4,no,Quarterly,Special Event,Garden,Yes,38.585973154054905,3.0,5.0,4.0,4.0
11099,68,6,yes,First visit,Special Event,Dinosaurs,Yes,10.768113345991331,5.0,2.0,5.0,5.0
11100,32,2,no,Quarterly,Family Time,Dinosaurs,No,33.46054357476705,5.0,3.0,4.0,5.0
11101,42,7,no,Rarely,Nature,Events,Yes,0.7657075834698307,4.0,5.0,4.0,3.0
11102,72,4,no,Weekly,Family Time,Farm,No,1.3964568791690883,3.0,3.0,3.0,3.0
11103,54,1,yes,First visit,Family Time,Garden,No,0.0,3.0,3.0,4.0,2.0
11104,45,1,no,Quarterly,Nature,Garden,Yes,40.09302302847795,4.0,4.0,4.0,4.0
11105,27,5,no,Quarterly,Exhibits,Dinosaurs,No,2.040302263858826,4.0,2.0,4.0,4.0
11106,56,5,no,Quarterly,Education,Events,No,13.1020113037941,4.0,2.0,5.0,3.0
11107,74,6,no,First visit,Special Event,Dinosaurs,No,1.3451348710757411,4.0,4.0,4.0,4.0
11108,34,2,yes,Rarely,Family Time,Dinosaurs,No,25.427478724952106,5.0,2.0,5.0,5.0
11109,56,1,no,Quarterly,Nature,Events,No,9.365495089239898,3.0,3.0,4.0,2.0
11110,39,4,no,First visit,Entertainment,Farm,Yes,0.0,4.0,5.0,4.0,4.0
11111,43,4,yes,First visit,Family Time,Garden,No,21.624938462790908,3.0,2.0,3.0,3.0
11112,61,4,yes,Quarterly,Special Event,Farm,Yes,0.0,4.0,3.0,4.0,5.0
11113,42,8,no,Rarely,Education,Curiosity Museum,No,2.4389141202676305,3.0,4.0,2.0,3.0
11114,34,7,no,First visit,Family Time,Curiosity Museum,Yes,0.0,4.0,4.0,4.0,4.0
11115,30,6,no,First visit,Family Time,Curiosity Museum,No,0.0,3.0,3.0,3.0,3.0
11116,37,5,no,First visit,Exhibits,Events,No,17.67793754580717,4.0,4.0,4.0,4.0
11117,42,4,yes,Quarterly,Nature,Dinosaurs,No,0.0,3.0,4.0,4.0,3.0
11118,21,4,yes,Quarterly,Entertainment,Farm,Yes,0.0,3.0,4.0,3.0,3.0
11119,27,4,yes,Quarterly,Entertainment,Garden,No,14.96446625800788,5.0,2.0,5.0,5.0
11120,20,6,yes,Weekly,Education,Curiosity Museum,No,6.8458965586042115,4.0,3.0,4.0,4.0
11121,58,1,no,Rarely,Special Event,Farm,No,44.880549539389634,2.0,3.0,3.0,2.0
11122,62,4,yes,First visit,Education,Curiosity Museum,Yes,42.508448190365634,3.0,4.0,3.0,4.0
11123,35,1,no,First visit,Family Time,Curiosity Museum,No,1.981163058732696,2.0,4.0,2.0,2.0
11124,64,4,no,First visit,Family Time,Garden,No,23.357064276052228,3.0,2.0,3.0,3.0
11125,53,6,no,Monthly,Entertainment,Events,Yes,26.239238353191766,2.0,3.0,2.0,3.0
11126,64,5,no,Rarely,Special Event,Dinosaurs,No,6.037817129633953,3.0,3.0,3.0,2.0
11127,39,3,no,First visit,Nature,Events,No,0.0,3.0,3.0,3.0,3.0
11128,51,7,yes,Rarely,Special Event,Farm,No,14.815523260379136,4.0,3.0,4.0,4.0
11129,64,5,no,Quarterly,Family Time,Events,Yes,12.407314877788336,3.0,2.0,4.0,4.0
11130,25,1,yes,Quarterly,Nature,Farm,No,8.463532545440712,4.0,3.0,3.0,5.0
11131,57,3,yes,First visit,Special Event,Farm,No,21.63475302246728,3.0,3.0,3.0,4.0
11132,66,3,no,Weekly,Special Event,Dinosaurs,No,3.7390558949160186,5.0,4.0,5.0,5.0
11133,61,1,yes,Rarely,Nature,Garden,No,0.0,4.0,3.0,4.0,5.0
11134,36,7,yes,First visit,Family Time,Dinosaurs,No,16.63624455524748,4.0,3.0,4.0,4.0
11135,59,4,no,Monthly,Special Event,Events,No,20.789551388533138,3.0,4.0,3.0,3.0
11136,58,6,no,First visit,Nature,Farm,Yes,0.0,5.0,3.0,5.0,5.0
11137,54,3,no,Monthly,Exhibits,Curiosity Museum,No,28.921359164866217,2.0,4.0,2.0,2.0
11138,23,2,no,Weekly,Exhibits,Curiosity Museum,No,0.0,3.0,2.0,3.0,3.0
11139,69,4,yes,Quarterly,Family Time,Farm,Yes,6.32829811926535,4.0,3.0,5.0,4.0
11140,43,2,no,Quarterly,Nature,Dinosaurs,Yes,11.129871957035865,5.0,3.0,5.0,5.0
11141,51,4,no,First visit,Exhibits,Garden,No,5.456644310221053,3.0,4.0,3.0,3.0
11142,73,6,no,Monthly,Nature,Dinosaurs,No,6.524092896732113,3.0,3.0,3.0,3.0
11143,62,4,no,Rarely,Special Event,Farm,Yes,43.06611723462171,3.0,4.0,3.0,4.0
11144,23,5,yes,Quarterly,Family Time,Farm,No,2.23673866441652,4.0,2.0,4.0,3.0
11145,54,3,no,Monthly,Exhibits,Garden,Yes,51.61832583707871,4.0,4.0,5.0,4.0
11146,74,1,no,Weekly,Special Event,Events,No,21.556901695965777,4.0,3.0,4.0,4.0
11147,50,2,yes,Quarterly,Education,Events,No,16.38082705967988,3.0,4.0,3.0,4.0
11148,70,4,no,First visit,Education,Garden,No,22.14360530081499,3.0,2.0,2.0,3.0
11149,39,1,no,Weekly,Family Time,Events,Yes,52.94891623877928,3.0,5.0,3.0,3.0
11150,38,4,yes,Quarterly,Exhibits,Curiosity Museum,No,0.09610494102827993,4.0,2.0,4.0,4.0
11151,23,4,no,Monthly,Exhibits,Events,Yes,0.0,3.0,3.0,4.0,4.0
11152,23,4,no,Quarterly,Exhibits,Events,No,3.6770070514211834,3.0,5.0,3.0,3.0
11153,72,3,no,First visit,Nature,Events,No,15.482147204468413,3.0,3.0,3.0,3.0
11154,65,3,yes,Rarely,Special Event,Curiosity Museum,No,0.0,3.0,2.0,4.0,4.0
11155,21,6,no,Quarterly,Exhibits,Events,Yes,15.33508858977912,3.0,4.0,3.0,2.0
11156,47,5,yes,Quarterly,Special Event,Curiosity Museum,No,40.40320700120508,4.0,3.0,4.0,4.0
11157,28,4,no,First visit,Family Time,Garden,No,17.27111085937166,4.0,3.0,4.0,5.0
11158,47,1,yes,Quarterly,Exhibits,Dinosaurs,Yes,10.609718115370852,4.0,3.0,5.0,5.0
11159,48,8,no,First visit,Family Time,Garden,No,5.727593269745589,4.0,5.0,4.0,4.0
11160,41,5,no,Quarterly,Exhibits,Dinosaurs,No,28.47767556827347,3.0,3.0,4.0,3.0
11161,72,3,no,Rarely,Education,Garden,No,2.6125084014292876,4.0,2.0,3.0,4.0
11162,26,6,no,First visit,Entertainment,Dinosaurs,No,42.695938808988714,4.0,4.0,4.0,4.0
11163,72,3,no,First visit,Family Time,Dinosaurs,No,44.000396215715355,2.0,4.0,2.0,3.0
11164,20,4,no,First visit,Exhibits,Farm,Yes,18.851261979926814,4.0,3.0,4.0,4.0
11165,68,5,yes,Rarely,Entertainment,Dinosaurs,No,14.827273678850323,3.0,2.0,3.0,3.0
11166,48,3,no,First visit,Family Time,Dinosaurs,No,30.459897123623392,4.0,4.0,4.0,4.0
11167,57,7,yes,First visit,Nature,Farm,Yes,31.421977533409876,5.0,4.0,5.0,5.0
11168,54,5,no,Monthly,Exhibits,Events,No,2.9101240341087697,4.0,2.0,5.0,4.0
11169,53,4,yes,Monthly,Nature,Events,No,7.10167300294947,4.0,5.0,5.0,4.0
11170,41,3,no,Rarely,Education,Farm,No,0.0,3.0,3.0,3.0,2.0
11171,48,1,no,Weekly,Exhibits,Curiosity Museum,Yes,21.135974075010857,4.0,5.0,4.0,3.0
11172,23,3,no,First visit,Education,Dinosaurs,Yes,24.99941825185336,4.0,5.0,4.0,4.0
11173,19,5,yes,Quarterly,Entertainment,Dinosaurs,No,0.0,3.0,2.0,3.0,2.0
11174,37,3,no,Quarterly,Family Time,Farm,Yes,8.172016427757613,3.0,5.0,3.0,4.0
11175,45,4,no,Rarely,Special Event,Farm,No,0.0,2.0,3.0,2.0,1.0
11176,28,5,no,Rarely,Education,Curiosity Museum,Yes,1.5180028463424327,4.0,2.0,3.0,4.0
11177,21,2,no,Rarely,Special Event,Events,Yes,23.265255903394493,4.0,3.0,4.0,4.0
11178,32,5,no,Rarely,Special Event,Garden,No,3.9977689998258086,4.0,4.0,5.0,4.0
11179,23,1,no,Quarterly,Family Time,Events,Yes,10.48761065951552,4.0,3.0,5.0,3.0
11180,71,7,no,First visit,Entertainment,Dinosaurs,No,0.0,4.0,3.0,4.0,4.0
11181,66,4,no,First visit,Family Time,Farm,No,17.804853145869963,3.0,4.0,4.0,3.0
11182,47,3,no,First visit,Exhibits,Curiosity Museum,Yes,14.335900202330267,5.0,4.0,5.0,5.0
11183,73,3,yes,First visit,Education,Events,Yes,4.065611249502567,3.0,3.0,2.0,4.0
11184,55,4,yes,Rarely,Special Event,Curiosity Museum,No,12.164785534762888,4.0,4.0,4.0,4.0
11185,68,5,yes,First visit,Family Time,Events,Yes,17.704423207551667,3.0,4.0,3.0,4.0
11186,74,5,yes,Monthly,Family Time,Dinosaurs,No,2.7769777663598383,4.0,1.0,4.0,4.0
11187,19,5,no,First visit,Family Time,Garden,No,0.0,2.0,4.0,2.0,3.0
11188,32,2,no,First visit,Education,Curiosity Museum,No,42.08361649030223,3.0,4.0,3.0,2.0
11189,28,3,yes,Quarterly,Entertainment,Curiosity Museum,No,5.50090942934591,4.0,3.0,4.0,4.0
11190,25,1,no,First visit,Family Time,Garden,No,13.54859845219666,3.0,4.0,3.0,4.0
11191,43,4,yes,Quarterly,Education,Curiosity Museum,No,30.162596025304705,3.0,3.0,2.0,3.0
11192,68,6,no,Quarterly,Special Event,Curiosity Museum,Yes,67.93582781355727,4.0,4.0,4.0,5.0
11193,62,4,no,First visit,Exhibits,Events,Yes,0.0,4.0,3.0,3.0,5.0
11194,61,3,no,First visit,Nature,Events,Yes,21.74740820589765,3.0,4.0,3.0,3.0
11195,22,4,yes,Rarely,Education,Garden,No,4.3867157205884055,4.0,5.0,4.0,4.0
11196,23,6,no,First visit,Nature,Dinosaurs,No,6.918145431349338,5.0,2.0,5.0,4.0
11197,43,5,no,First visit,Family Time,Curiosity Museum,No,4.196819684898151,4.0,3.0,3.0,4.0
11198,71,6,no,First visit,Family Time,Dinosaurs,Yes,0.0,5.0,3.0,5.0,4.0
11199,21,3,no,First visit,Education,Garden,No,14.38062957323008,4.0,3.0,5.0,4.0
11200,36,3,no,Rarely,Nature,Garden,No,0.0,4.0,2.0,4.0,3.0
